-- phpMyAdmin SQL Dump
-- version 5.2.1
-- https://www.phpmyadmin.net/
--
-- Host: localhost:3306
-- Generation Time: Apr 13, 2025 at 12:20 PM
-- Server version: 5.7.43-log
-- PHP Version: 8.1.32

SET SQL_MODE = "NO_AUTO_VALUE_ON_ZERO";
START TRANSACTION;
SET time_zone = "+00:00";


/*!40101 SET @OLD_CHARACTER_SET_CLIENT=@@CHARACTER_SET_CLIENT */;
/*!40101 SET @OLD_CHARACTER_SET_RESULTS=@@CHARACTER_SET_RESULTS */;
/*!40101 SET @OLD_COLLATION_CONNECTION=@@COLLATION_CONNECTION */;
/*!40101 SET NAMES utf8mb4 */;

--
-- Database: `burjcrow_date`
--

-- --------------------------------------------------------

--
-- Table structure for table `category`
--

CREATE TABLE `category` (
  `id` int(11) NOT NULL,
  `name` mediumtext NOT NULL,
  `active` int(11) NOT NULL
) ENGINE=InnoDB DEFAULT CHARSET=utf8;

--
-- Dumping data for table `category`
--

INSERT INTO `category` (`id`, `name`, `active`) VALUES
(1, 'قد بلند', 1),
(2, 'سبزه', 1),
(3, 'بلوند', 1),
(4, 'blonde', 1),
(5, 'sx', 1),
(6, 'جذاب', 1),
(7, 'ورزشکار', 1),
(8, 'hot', 1),
(9, 'intelligent', 1),
(10, 'باهوش', 1),
(11, 'زیبا', 1),
(12, 'test', 1),
(13, '', 1),
(14, 'beautifull', 1);

-- --------------------------------------------------------

--
-- Table structure for table `city`
--

CREATE TABLE `city` (
  `id` int(3) DEFAULT NULL,
  `province_id` int(2) DEFAULT NULL,
  `city` varchar(80) DEFAULT NULL
) ENGINE=InnoDB DEFAULT CHARSET=utf8;

--
-- Dumping data for table `city`
--

INSERT INTO `city` (`id`, `province_id`, `city`) VALUES
(1, 7, 'آذرشهر'),
(2, 7, 'اسکو'),
(3, 7, 'اهر'),
(4, 7, 'بستان‌آباد'),
(5, 7, 'بناب'),
(6, 7, 'تبریز '),
(7, 7, 'جلفا'),
(8, 7, 'چاراویماق'),
(9, 7, 'سراب'),
(10, 7, 'شبستر'),
(11, 7, 'عجب‌شیر'),
(12, 7, 'کلیبر'),
(13, 7, 'مراغه'),
(14, 7, 'مرند'),
(15, 7, 'ملکان'),
(16, 7, 'میانه'),
(17, 7, 'ورزقان'),
(18, 7, 'هریس'),
(19, 7, 'هشترود'),
(20, 2, 'ارومیه'),
(21, 2, 'اشنویه'),
(22, 2, 'بوکان'),
(23, 2, 'پیرانشهر'),
(24, 2, 'تکاب'),
(25, 2, 'چالدران'),
(26, 2, 'خوی'),
(27, 2, 'سردشت'),
(28, 2, 'سلماس'),
(29, 2, 'شاهین‌دژ'),
(30, 2, 'ماکو'),
(31, 2, 'مهاباد'),
(32, 2, 'میاندوآب'),
(33, 2, 'نقده'),
(34, 3, 'اردبیل'),
(35, 3, 'بیله‌سوار'),
(36, 3, 'پارس‌آباد'),
(37, 3, 'خلخال'),
(38, 3, 'کوثر '),
(39, 3, 'گِرمی'),
(40, 3, 'مِشگین‌شهر'),
(41, 3, 'نَمین'),
(42, 3, 'نیر'),
(43, 4, 'آران و بیدگل'),
(44, 4, 'اردستان'),
(45, 4, 'اصفهان '),
(46, 4, 'برخوار و میمه'),
(47, 4, 'تیران و کرون'),
(48, 4, 'چادگان'),
(49, 4, 'خمینی‌شهر'),
(50, 4, 'خوانسار'),
(51, 4, 'سمیرم'),
(52, 4, 'شهرضا'),
(53, 4, 'سمیرم سفلی'),
(54, 4, 'فریدن'),
(55, 4, 'فریدون‌شهر'),
(56, 4, 'فلاورجان'),
(57, 4, 'کاشان'),
(58, 4, 'گلپایگان'),
(59, 4, 'لنجان'),
(60, 4, 'مبارکه'),
(61, 4, 'نائین'),
(62, 4, 'نجف‌آباد '),
(63, 4, 'نطنز'),
(64, 5, 'آبدانان'),
(65, 5, 'ایلام'),
(66, 5, 'ایوان'),
(67, 5, 'دره‌شهر'),
(68, 5, 'دهلران'),
(69, 5, 'شیروان و چرداول'),
(70, 5, 'مهران'),
(71, 6, 'بوشهر'),
(72, 6, 'تنگستان '),
(73, 6, 'جم'),
(74, 6, 'دشتستان'),
(75, 6, 'دشتی'),
(76, 6, 'دیر'),
(77, 6, 'دیلم'),
(78, 6, 'کنگان '),
(79, 6, 'گناوه'),
(80, 1, 'اسلام‌شهر'),
(81, 1, 'پاکدشت'),
(82, 1, 'تهران'),
(83, 1, 'دماوند'),
(84, 1, 'رباط‌کریم'),
(85, 1, 'ری'),
(86, 1, 'ساوجبلاغ'),
(87, 1, 'شمیرانات'),
(88, 1, 'شهریار'),
(89, 1, 'فیروزکوه'),
(90, 1, 'کرج '),
(91, 1, 'نظرآباد'),
(92, 1, 'ورامین'),
(93, 8, 'اردل'),
(94, 8, 'بروجن'),
(95, 8, 'شهرکرد'),
(96, 8, 'فارسان'),
(97, 8, 'کوهرنگ'),
(98, 8, 'لردگان'),
(99, 9, 'بیرجند'),
(100, 9, 'درمیان'),
(101, 9, 'سرایان'),
(102, 9, 'سربیشه'),
(103, 9, 'فردوس'),
(104, 9, 'قائنات'),
(105, 9, 'نهبندان'),
(106, 10, 'بردسکن'),
(107, 10, 'تایباد'),
(108, 10, 'تربت جام'),
(109, 10, 'تربت حیدریه'),
(110, 10, 'چناران'),
(111, 10, 'خلیل‌آباد'),
(112, 10, 'خواف '),
(113, 10, 'درگز'),
(114, 10, 'رشتخوار'),
(115, 10, 'سبزوار '),
(116, 10, 'سرخس'),
(117, 10, 'فریمان'),
(118, 10, 'قوچان'),
(119, 10, 'کاشمر'),
(120, 10, 'کلات'),
(121, 10, 'گناباد'),
(122, 10, 'مشهد'),
(123, 10, 'مه ولات'),
(124, 10, 'نیشابور'),
(125, 11, 'اسفراین'),
(126, 11, 'بجنورد '),
(127, 11, 'جاجرم'),
(128, 11, 'شیروان'),
(129, 11, 'فاروج'),
(130, 11, 'مانه و سملقان'),
(131, 12, 'آبادان'),
(132, 12, 'امیدیه'),
(133, 12, 'اندیمشک'),
(134, 12, 'اهواز'),
(135, 12, 'ایذه'),
(136, 12, 'باغ‌ملک'),
(137, 12, 'بندر ماهشهر'),
(138, 12, 'بهبهان'),
(139, 12, 'خرمشهر'),
(140, 12, 'دزفول'),
(141, 12, 'دشت آزادگان'),
(142, 12, 'رامشیر'),
(143, 12, 'رامهرمز'),
(144, 12, 'شادگان'),
(145, 12, 'شوش'),
(146, 12, 'شوشتر'),
(147, 12, 'گتوند'),
(148, 12, 'لالی'),
(149, 12, 'مسجد سلیمان'),
(150, 12, 'هندیجان'),
(151, 13, 'ابهر'),
(152, 13, 'ایجرود'),
(153, 13, 'خدابنده'),
(154, 13, 'خرمدره'),
(155, 13, 'زنجان '),
(156, 13, 'طارم'),
(157, 13, 'ماه‌نشان'),
(158, 14, 'دامغان'),
(159, 14, 'سمنان'),
(160, 14, 'شاهرود'),
(161, 14, 'گرمسار'),
(162, 14, 'مهدی‌شهر'),
(163, 15, 'ایرانشهر '),
(164, 15, 'چابهار'),
(165, 15, 'خاش'),
(166, 15, 'دلگان'),
(167, 15, 'زابل'),
(168, 15, 'زاهدان'),
(169, 15, 'زهک'),
(170, 15, 'سراوان'),
(171, 15, 'سرباز'),
(172, 15, 'کنارک'),
(173, 15, 'نیک‌شهر'),
(174, 16, 'آباده '),
(175, 16, 'ارسنجان'),
(176, 16, 'استهبان '),
(177, 16, 'اقلید'),
(178, 16, 'بوانات'),
(179, 16, 'پاسارگاد'),
(180, 16, 'جهرم'),
(181, 16, 'خرم‌بید'),
(182, 16, 'خنج'),
(183, 16, 'داراب'),
(184, 16, 'زرین‌دشت'),
(185, 16, 'سپیدان'),
(186, 16, 'شیراز'),
(187, 16, 'فراشبند'),
(188, 16, 'فسا'),
(189, 16, 'فیروزآباد'),
(190, 16, 'قیر و کارزین'),
(191, 16, 'کازرون'),
(192, 16, 'لارستان'),
(193, 16, 'لامِرد'),
(194, 16, 'مرودشت '),
(195, 16, 'ممسنی'),
(196, 16, 'مهر'),
(197, 16, 'نی‌ریز'),
(198, 17, 'آبیک'),
(199, 17, 'البرز'),
(200, 17, 'بوئین‌زهرا'),
(201, 17, 'تاکستان'),
(202, 17, 'قزوین'),
(203, 18, 'قم'),
(204, 19, 'بانه '),
(205, 19, 'بیجار'),
(206, 19, 'دیواندره'),
(207, 19, 'سروآباد'),
(208, 19, 'سقز '),
(209, 19, 'سنندج'),
(210, 19, 'قروه'),
(211, 19, 'کامیاران'),
(212, 19, 'مریوان'),
(213, 20, 'بافت'),
(214, 20, 'بردسیر'),
(215, 20, 'بم'),
(216, 20, 'جیرفت'),
(217, 20, 'راور'),
(218, 20, 'رفسنجان'),
(219, 20, 'رودبار جنوب'),
(220, 20, 'زرند'),
(221, 20, 'سیرجان'),
(222, 20, 'شهر بابک'),
(223, 20, 'عنبرآباد'),
(224, 20, 'قلعه گنج '),
(225, 20, 'کرمان'),
(226, 20, 'کوهبنان'),
(227, 20, 'کهنوج'),
(228, 20, 'منوجان'),
(229, 21, 'اسلام‌آباد غرب'),
(230, 21, 'پاوه'),
(231, 21, 'ثلاث باباجانی'),
(232, 21, 'جوانرود'),
(233, 21, 'دالاهو'),
(234, 21, 'روانسر'),
(235, 21, 'سرپل ذهاب'),
(236, 21, 'سنقر'),
(237, 21, 'صحنه'),
(238, 21, 'قصر شیرین'),
(239, 21, 'کرمانشاه '),
(240, 21, 'کنگاور'),
(241, 21, 'گیلان غرب'),
(242, 21, 'هرسین'),
(243, 22, 'بویراحمد'),
(244, 22, 'بهمئی'),
(245, 22, 'دنا'),
(246, 22, 'کهگیلویه'),
(247, 22, 'گچساران'),
(249, 23, 'آزادشهر'),
(250, 23, 'آق‌قلا'),
(251, 23, 'بندر گز'),
(252, 23, 'ترکمن '),
(253, 23, 'رامیان'),
(254, 23, 'علی‌آباد'),
(255, 23, 'کردکوی'),
(256, 23, 'کلاله'),
(257, 23, 'گرگان '),
(258, 23, 'گنبد کاووس'),
(259, 23, 'مراوه‌تپه'),
(260, 23, 'مینودشت'),
(261, 24, 'آستارا'),
(262, 24, 'آستانه اشرفیه'),
(263, 24, 'اَملَش'),
(264, 24, 'بندر انزلی'),
(265, 24, 'رشت'),
(266, 24, 'رضوانشهر'),
(267, 24, 'رودبار'),
(268, 24, 'رودسر'),
(269, 24, 'سیاهکل'),
(270, 24, 'شَفت'),
(271, 24, 'صومعه‌سرا'),
(272, 24, 'طوالش'),
(273, 24, 'فومَن'),
(274, 24, 'لاهیجان '),
(275, 24, 'لنگرود'),
(276, 24, 'ماسال'),
(277, 25, 'ازنا'),
(278, 25, 'اليگودرز'),
(279, 25, 'بروجرد'),
(280, 25, 'پل‌دختر'),
(281, 25, 'خرم‌آباد '),
(282, 25, 'دورود'),
(283, 25, 'دلفان '),
(284, 25, 'سلسله'),
(285, 25, 'کوهدشت'),
(286, 26, 'آمل'),
(287, 26, 'بابل'),
(288, 26, 'بابلسر'),
(289, 26, 'بهشهر'),
(290, 26, 'تنکابن'),
(291, 26, 'جويبار'),
(292, 26, 'چالوس'),
(293, 26, 'رامسر'),
(294, 26, 'ساري'),
(295, 26, 'سوادکوه '),
(296, 26, 'قائم‌شهر'),
(297, 26, 'گلوگاه'),
(298, 26, 'محمودآباد'),
(299, 26, 'نکا'),
(300, 26, 'نور'),
(301, 26, 'نوشهر'),
(302, 27, 'آشتيان'),
(303, 27, 'اراک'),
(304, 27, 'تفرش'),
(305, 27, 'خمين'),
(306, 27, 'دليجان '),
(307, 27, 'زرنديه'),
(308, 27, 'ساوه'),
(309, 27, 'شازند'),
(310, 27, 'کميجان'),
(311, 27, 'محلات'),
(312, 28, 'ابوموسي'),
(313, 28, 'بستک'),
(314, 28, 'بندر عباس'),
(315, 28, 'بندر لنگه'),
(316, 28, 'جاسک'),
(317, 28, 'حاجي‌آباد'),
(318, 28, 'خمير '),
(319, 28, 'رودان'),
(320, 28, 'قشم'),
(321, 28, 'گاوبندي'),
(322, 28, 'ميناب'),
(323, 29, 'اسدآباد'),
(324, 29, 'بهار'),
(325, 29, 'تويسرکان'),
(326, 29, 'رزن '),
(327, 29, 'کبودرآهنگ'),
(328, 29, 'ملاير'),
(329, 29, 'نهاوند'),
(330, 29, 'همدان'),
(331, 30, 'ابرکوه'),
(332, 30, 'اردکان'),
(333, 30, 'بافق '),
(334, 30, 'تفت'),
(335, 30, 'خاتم'),
(336, 30, 'صدوق'),
(337, 30, 'طبس'),
(338, 30, 'مهريز'),
(339, 30, 'مِيبُد'),
(340, 30, 'يزد'),
(341, 1, 'آذربایجان شرقی'),
(342, 2, 'آذربایجان غربی'),
(348, 8, 'چهارمحال و بختیاری'),
(349, 9, 'خراسان جنوبی'),
(350, 10, 'خراسان رضوی'),
(351, 11, 'خراسان شمالی'),
(352, 12, 'خوزستان'),
(355, 15, 'سیستان و بلوچستان'),
(356, 16, 'شيراز'),
(359, 19, 'کردستان'),
(362, 22, 'کهگیلویه و بویراحمد'),
(363, 23, 'گلستان'),
(364, 24, 'گیلان'),
(365, 25, 'لرستان'),
(366, 26, 'مازندران'),
(367, 27, 'مرکزی'),
(368, 28, 'هرمزگان'),
(370, 30, 'یزد'),
(1, 7, 'آذرشهر'),
(2, 7, 'اسکو'),
(3, 7, 'اهر'),
(4, 7, 'بستان‌آباد'),
(5, 7, 'بناب'),
(6, 7, 'تبریز '),
(7, 7, 'جلفا'),
(8, 7, 'چاراویماق'),
(9, 7, 'سراب'),
(10, 7, 'شبستر'),
(11, 7, 'عجب‌شیر'),
(12, 7, 'کلیبر'),
(13, 7, 'مراغه'),
(14, 7, 'مرند'),
(15, 7, 'ملکان'),
(16, 7, 'میانه'),
(17, 7, 'ورزقان'),
(18, 7, 'هریس'),
(19, 7, 'هشترود'),
(20, 2, 'ارومیه'),
(21, 2, 'اشنویه'),
(22, 2, 'بوکان'),
(23, 2, 'پیرانشهر'),
(24, 2, 'تکاب'),
(25, 2, 'چالدران'),
(26, 2, 'خوی'),
(27, 2, 'سردشت'),
(28, 2, 'سلماس'),
(29, 2, 'شاهین‌دژ'),
(30, 2, 'ماکو'),
(31, 2, 'مهاباد'),
(32, 2, 'میاندوآب'),
(33, 2, 'نقده'),
(34, 3, 'اردبیل'),
(35, 3, 'بیله‌سوار'),
(36, 3, 'پارس‌آباد'),
(37, 3, 'خلخال'),
(38, 3, 'کوثر '),
(39, 3, 'گِرمی'),
(40, 3, 'مِشگین‌شهر'),
(41, 3, 'نَمین'),
(42, 3, 'نیر'),
(43, 4, 'آران و بیدگل'),
(44, 4, 'اردستان'),
(45, 4, 'اصفهان '),
(46, 4, 'برخوار و میمه'),
(47, 4, 'تیران و کرون'),
(48, 4, 'چادگان'),
(49, 4, 'خمینی‌شهر'),
(50, 4, 'خوانسار'),
(51, 4, 'سمیرم'),
(52, 4, 'شهرضا'),
(53, 4, 'سمیرم سفلی'),
(54, 4, 'فریدن'),
(55, 4, 'فریدون‌شهر'),
(56, 4, 'فلاورجان'),
(57, 4, 'کاشان'),
(58, 4, 'گلپایگان'),
(59, 4, 'لنجان'),
(60, 4, 'مبارکه'),
(61, 4, 'نائین'),
(62, 4, 'نجف‌آباد '),
(63, 4, 'نطنز'),
(64, 5, 'آبدانان'),
(65, 5, 'ایلام'),
(66, 5, 'ایوان'),
(67, 5, 'دره‌شهر'),
(68, 5, 'دهلران'),
(69, 5, 'شیروان و چرداول'),
(70, 5, 'مهران'),
(71, 6, 'بوشهر'),
(72, 6, 'تنگستان '),
(73, 6, 'جم'),
(74, 6, 'دشتستان'),
(75, 6, 'دشتی'),
(76, 6, 'دیر'),
(77, 6, 'دیلم'),
(78, 6, 'کنگان '),
(79, 6, 'گناوه'),
(80, 1, 'اسلام‌شهر'),
(81, 1, 'پاکدشت'),
(82, 1, 'تهران'),
(83, 1, 'دماوند'),
(84, 1, 'رباط‌کریم'),
(85, 1, 'ری'),
(86, 1, 'ساوجبلاغ'),
(87, 1, 'شمیرانات'),
(88, 1, 'شهریار'),
(89, 1, 'فیروزکوه'),
(90, 1, 'کرج '),
(91, 1, 'نظرآباد'),
(92, 1, 'ورامین'),
(93, 8, 'اردل'),
(94, 8, 'بروجن'),
(95, 8, 'شهرکرد'),
(96, 8, 'فارسان'),
(97, 8, 'کوهرنگ'),
(98, 8, 'لردگان'),
(99, 9, 'بیرجند'),
(100, 9, 'درمیان'),
(101, 9, 'سرایان'),
(102, 9, 'سربیشه'),
(103, 9, 'فردوس'),
(104, 9, 'قائنات'),
(105, 9, 'نهبندان'),
(106, 10, 'بردسکن'),
(107, 10, 'تایباد'),
(108, 10, 'تربت جام'),
(109, 10, 'تربت حیدریه'),
(110, 10, 'چناران'),
(111, 10, 'خلیل‌آباد'),
(112, 10, 'خواف '),
(113, 10, 'درگز'),
(114, 10, 'رشتخوار'),
(115, 10, 'سبزوار '),
(116, 10, 'سرخس'),
(117, 10, 'فریمان'),
(118, 10, 'قوچان'),
(119, 10, 'کاشمر'),
(120, 10, 'کلات'),
(121, 10, 'گناباد'),
(122, 10, 'مشهد'),
(123, 10, 'مه ولات'),
(124, 10, 'نیشابور'),
(125, 11, 'اسفراین'),
(126, 11, 'بجنورد '),
(127, 11, 'جاجرم'),
(128, 11, 'شیروان'),
(129, 11, 'فاروج'),
(130, 11, 'مانه و سملقان'),
(131, 12, 'آبادان'),
(132, 12, 'امیدیه'),
(133, 12, 'اندیمشک'),
(134, 12, 'اهواز'),
(135, 12, 'ایذه'),
(136, 12, 'باغ‌ملک'),
(137, 12, 'بندر ماهشهر'),
(138, 12, 'بهبهان'),
(139, 12, 'خرمشهر'),
(140, 12, 'دزفول'),
(141, 12, 'دشت آزادگان'),
(142, 12, 'رامشیر'),
(143, 12, 'رامهرمز'),
(144, 12, 'شادگان'),
(145, 12, 'شوش'),
(146, 12, 'شوشتر'),
(147, 12, 'گتوند'),
(148, 12, 'لالی'),
(149, 12, 'مسجد سلیمان'),
(150, 12, 'هندیجان'),
(151, 13, 'ابهر'),
(152, 13, 'ایجرود'),
(153, 13, 'خدابنده'),
(154, 13, 'خرمدره'),
(155, 13, 'زنجان '),
(156, 13, 'طارم'),
(157, 13, 'ماه‌نشان'),
(158, 14, 'دامغان'),
(159, 14, 'سمنان'),
(160, 14, 'شاهرود'),
(161, 14, 'گرمسار'),
(162, 14, 'مهدی‌شهر'),
(163, 15, 'ایرانشهر '),
(164, 15, 'چابهار'),
(165, 15, 'خاش'),
(166, 15, 'دلگان'),
(167, 15, 'زابل'),
(168, 15, 'زاهدان'),
(169, 15, 'زهک'),
(170, 15, 'سراوان'),
(171, 15, 'سرباز'),
(172, 15, 'کنارک'),
(173, 15, 'نیک‌شهر'),
(174, 16, 'آباده '),
(175, 16, 'ارسنجان'),
(176, 16, 'استهبان '),
(177, 16, 'اقلید'),
(178, 16, 'بوانات'),
(179, 16, 'پاسارگاد'),
(180, 16, 'جهرم'),
(181, 16, 'خرم‌بید'),
(182, 16, 'خنج'),
(183, 16, 'داراب'),
(184, 16, 'زرین‌دشت'),
(185, 16, 'سپیدان'),
(186, 16, 'شیراز'),
(187, 16, 'فراشبند'),
(188, 16, 'فسا'),
(189, 16, 'فیروزآباد'),
(190, 16, 'قیر و کارزین'),
(191, 16, 'کازرون'),
(192, 16, 'لارستان'),
(193, 16, 'لامِرد'),
(194, 16, 'مرودشت '),
(195, 16, 'ممسنی'),
(196, 16, 'مهر'),
(197, 16, 'نی‌ریز'),
(198, 17, 'آبیک'),
(199, 17, 'البرز'),
(200, 17, 'بوئین‌زهرا'),
(201, 17, 'تاکستان'),
(202, 17, 'قزوین'),
(203, 18, 'قم'),
(204, 19, 'بانه '),
(205, 19, 'بیجار'),
(206, 19, 'دیواندره'),
(207, 19, 'سروآباد'),
(208, 19, 'سقز '),
(209, 19, 'سنندج'),
(210, 19, 'قروه'),
(211, 19, 'کامیاران'),
(212, 19, 'مریوان'),
(213, 20, 'بافت'),
(214, 20, 'بردسیر'),
(215, 20, 'بم'),
(216, 20, 'جیرفت'),
(217, 20, 'راور'),
(218, 20, 'رفسنجان'),
(219, 20, 'رودبار جنوب'),
(220, 20, 'زرند'),
(221, 20, 'سیرجان'),
(222, 20, 'شهر بابک'),
(223, 20, 'عنبرآباد'),
(224, 20, 'قلعه گنج '),
(225, 20, 'کرمان'),
(226, 20, 'کوهبنان'),
(227, 20, 'کهنوج'),
(228, 20, 'منوجان'),
(229, 21, 'اسلام‌آباد غرب'),
(230, 21, 'پاوه'),
(231, 21, 'ثلاث باباجانی'),
(232, 21, 'جوانرود'),
(233, 21, 'دالاهو'),
(234, 21, 'روانسر'),
(235, 21, 'سرپل ذهاب'),
(236, 21, 'سنقر'),
(237, 21, 'صحنه'),
(238, 21, 'قصر شیرین'),
(239, 21, 'کرمانشاه '),
(240, 21, 'کنگاور'),
(241, 21, 'گیلان غرب'),
(242, 21, 'هرسین'),
(243, 22, 'بویراحمد'),
(244, 22, 'بهمئی'),
(245, 22, 'دنا'),
(246, 22, 'کهگیلویه'),
(247, 22, 'گچساران'),
(249, 23, 'آزادشهر'),
(250, 23, 'آق‌قلا'),
(251, 23, 'بندر گز'),
(252, 23, 'ترکمن '),
(253, 23, 'رامیان'),
(254, 23, 'علی‌آباد'),
(255, 23, 'کردکوی'),
(256, 23, 'کلاله'),
(257, 23, 'گرگان '),
(258, 23, 'گنبد کاووس'),
(259, 23, 'مراوه‌تپه'),
(260, 23, 'مینودشت'),
(261, 24, 'آستارا'),
(262, 24, 'آستانه اشرفیه'),
(263, 24, 'اَملَش'),
(264, 24, 'بندر انزلی'),
(265, 24, 'رشت'),
(266, 24, 'رضوانشهر'),
(267, 24, 'رودبار'),
(268, 24, 'رودسر'),
(269, 24, 'سیاهکل'),
(270, 24, 'شَفت'),
(271, 24, 'صومعه‌سرا'),
(272, 24, 'طوالش'),
(273, 24, 'فومَن'),
(274, 24, 'لاهیجان '),
(275, 24, 'لنگرود'),
(276, 24, 'ماسال'),
(277, 25, 'ازنا'),
(278, 25, 'اليگودرز'),
(279, 25, 'بروجرد'),
(280, 25, 'پل‌دختر'),
(281, 25, 'خرم‌آباد '),
(282, 25, 'دورود'),
(283, 25, 'دلفان '),
(284, 25, 'سلسله'),
(285, 25, 'کوهدشت'),
(286, 26, 'آمل'),
(287, 26, 'بابل'),
(288, 26, 'بابلسر'),
(289, 26, 'بهشهر'),
(290, 26, 'تنکابن'),
(291, 26, 'جويبار'),
(292, 26, 'چالوس'),
(293, 26, 'رامسر'),
(294, 26, 'ساري'),
(295, 26, 'سوادکوه '),
(296, 26, 'قائم‌شهر'),
(297, 26, 'گلوگاه'),
(298, 26, 'محمودآباد'),
(299, 26, 'نکا'),
(300, 26, 'نور'),
(301, 26, 'نوشهر'),
(302, 27, 'آشتيان'),
(303, 27, 'اراک'),
(304, 27, 'تفرش'),
(305, 27, 'خمين'),
(306, 27, 'دليجان '),
(307, 27, 'زرنديه'),
(308, 27, 'ساوه'),
(309, 27, 'شازند'),
(310, 27, 'کميجان'),
(311, 27, 'محلات'),
(312, 28, 'ابوموسي'),
(313, 28, 'بستک'),
(314, 28, 'بندر عباس'),
(315, 28, 'بندر لنگه'),
(316, 28, 'جاسک'),
(317, 28, 'حاجي‌آباد'),
(318, 28, 'خمير '),
(319, 28, 'رودان'),
(320, 28, 'قشم'),
(321, 28, 'گاوبندي'),
(322, 28, 'ميناب'),
(323, 29, 'اسدآباد'),
(324, 29, 'بهار'),
(325, 29, 'تويسرکان'),
(326, 29, 'رزن '),
(327, 29, 'کبودرآهنگ'),
(328, 29, 'ملاير'),
(329, 29, 'نهاوند'),
(330, 29, 'همدان'),
(331, 30, 'ابرکوه'),
(332, 30, 'اردکان'),
(333, 30, 'بافق '),
(334, 30, 'تفت'),
(335, 30, 'خاتم'),
(336, 30, 'صدوق'),
(337, 30, 'طبس'),
(338, 30, 'مهريز'),
(339, 30, 'مِيبُد'),
(340, 30, 'يزد'),
(341, 1, 'آذربایجان شرقی'),
(342, 2, 'آذربایجان غربی'),
(348, 8, 'چهارمحال و بختیاری'),
(349, 9, 'خراسان جنوبی'),
(350, 10, 'خراسان رضوی'),
(351, 11, 'خراسان شمالی'),
(352, 12, 'خوزستان'),
(355, 15, 'سیستان و بلوچستان'),
(356, 16, 'شيراز'),
(359, 19, 'کردستان'),
(362, 22, 'کهگیلویه و بویراحمد'),
(363, 23, 'گلستان'),
(364, 24, 'گیلان'),
(365, 25, 'لرستان'),
(366, 26, 'مازندران'),
(367, 27, 'مرکزی'),
(368, 28, 'هرمزگان'),
(370, 30, 'یزد');

-- --------------------------------------------------------

--
-- Table structure for table `codelogin`
--

CREATE TABLE `codelogin` (
  `mobile` text NOT NULL,
  `code` text NOT NULL
) ENGINE=InnoDB DEFAULT CHARSET=latin1;

--
-- Dumping data for table `codelogin`
--

INSERT INTO `codelogin` (`mobile`, `code`) VALUES
('9188108019', '59802');

-- --------------------------------------------------------

--
-- Table structure for table `comment`
--

CREATE TABLE `comment` (
  `id` int(11) NOT NULL,
  `userid` int(11) DEFAULT NULL,
  `comment` mediumtext,
  `useriddest` int(11) DEFAULT NULL,
  `expid` int(11) NOT NULL,
  `likecount` int(11) NOT NULL
) ENGINE=InnoDB DEFAULT CHARSET=utf8;

--
-- Dumping data for table `comment`
--

INSERT INTO `comment` (`id`, `userid`, `comment`, `useriddest`, `expid`, `likecount`) VALUES
(2, 3, 'gr', 0, 26, 0),
(3, 3, 'سذالزیقفسلغشادشدلغ رذغشسعهیادفغ شسریغع هشسپعغ رشسغعبشس', 0, 26, 0),
(4, 3, 'پروتکل آوه چیست ؟آوه‌ یک پروتکل غیرمتمرکز مالی است که امکان وام دهی و قرض گرفتن در گستره وسیعی از ارزهای دیجیتال با نرخ بهره ثابت و متغیر را برای کاربران خود فراهم می‌کند. پروتکل به زبان ساده مجموعه‌ای از قوانین و رویه‌ها برای برقراری ارتباط است.عرضه اولیه توکن‌های (ICO) این شرکت در سال ۲۰۱۷ با توکن‌های اِت‌لِند (ETHLend) انجام شد.پس از مدتی تیم مدیریتی آوه که پیش از آن با نام اِت‌لِند مشغول فعالیت بود، به شرکت مادر آوه‌ (Aave) نقل مکان کرد و اِت‌لِند نیز به شرکت زیر مجموعه آوه تبدیل شد.در ژانویه ۲۰۲۰، شرکت آوه پایان فعالیت تیم اِت‌لِند (ETHLend) را اعلام کرد. آوه به دنبال این تصمیم، توکن ETHLend را نیز از پلتفرم خود حذف کرد و تمام فعالیت‌های خود را تحت پروتکل آوه ادامه داد.', 0, 26, 0),
(5, 1, 'dsa', 0, 50, 0),
(6, 1, 'عالی', 0, 53, 0),
(7, 1, 'عالی و دلنشین', 0, 55, 0),
(8, 1, 'عالی و دلنشین', 0, 55, 0),
(9, 1, 'سلوم', 0, 16, 0),
(10, 1, 'hi', 0, 46, 0),
(11, 1, 'hello', 0, 59, 0),
(12, 1, 'سلام', 0, 59, 0),
(13, 1, 'dss', 0, 59, 0),
(14, 1, 'dss', 0, 59, 0),
(15, 1, 'sd', 0, 59, 0),
(16, 1, 'sd', 0, 59, 0),
(17, 1, 'sd', 0, 59, 0),
(18, 1, 'sddsfdsfds', 0, 59, 0),
(19, 1, 'sads', 0, 59, 0),
(20, 1, 'sadssss', 0, 59, 0),
(21, 1, 'dsdsa', 0, 59, 0),
(22, 1, 'dsdsaws', 0, 59, 0),
(23, 1, 'dsdsawssa', 0, 59, 0),
(24, 1, 'dsdsawssa', 0, 59, 0),
(25, 1, 'dsdsawssa', 0, 59, 0),
(26, 1, 'dsdsawssa', 0, 59, 0),
(27, 1, 'dsdsawssa', 0, 59, 0),
(28, 1, 'sdsdsa', 0, 59, 0),
(29, 1, 'xxxxx', 0, 59, 0),
(30, 1, 'xxxxxxxxxx', 0, 59, 0),
(31, 1, 'xxxxxxxxxx', 0, 59, 0),
(32, 1, 'xxxxxxxxxx', 0, 59, 0),
(33, 1, 'xxxxxxxxxx', 0, 59, 0),
(34, 1, 'xxxxxxxxxxdd', 0, 59, 0),
(35, 1, 'xxxxxxxxxxddd', 0, 59, 0),
(39, 1, '', 0, 59, 0),
(40, 1, '', 0, 59, 0),
(41, 1, '', 0, 59, 0),
(42, 1, '', 0, 59, 0),
(43, 1, '', 0, 59, 0),
(44, 1, '', 0, 59, 0),
(45, 1, '', 0, 59, 0),
(46, 1, '', 0, 59, 0),
(47, 1, '', 0, 59, 0),
(48, 1, '', 0, 59, 0),
(49, 1, '', 0, 59, 0),
(50, 1, '', 0, 59, 0),
(51, 1, '', 0, 59, 0),
(52, 1, '', 0, 59, 0),
(53, 1, '', 0, 59, 0),
(54, 1, '', 0, 59, 0),
(55, 1, '', 0, 59, 0),
(56, 1, '', 0, 59, 0),
(57, 1, '', 0, 59, 0),
(58, 1, '', 0, 59, 0),
(59, 1, '', 0, 59, 0),
(60, 1, '', 0, 59, 0),
(61, 1, '', 0, 59, 0),
(62, 1, '', 0, 59, 0),
(63, 1, '', 0, 59, 0),
(64, 1, '', 0, 59, 0),
(65, 1, '', 0, 59, 0),
(66, 1, '', 0, 59, 0),
(67, 1, '', 0, 59, 0),
(68, 1, '', 0, 59, 0),
(69, 1, 'h1', 0, 57, 0),
(70, 1, 'h2', 0, 57, 0),
(71, 1, 'h3', 0, 57, 0),
(72, 1, 'h4', 0, 57, 0),
(73, 1, 'h5', 0, 57, 0),
(74, 1, 'h6', 0, 57, 0),
(75, 1, 'h67', 0, 57, 0),
(76, 1, 'h678', 0, 57, 0),
(77, 1, 'h6789', 0, 57, 0),
(78, 1, '10', 0, 57, 0),
(79, 1, '11', 0, 57, 0),
(80, 1, '12', 0, 57, 0),
(81, 1, '13', 0, 57, 0),
(82, 1, '14', 0, 57, 0),
(83, 1, '15', 0, 57, 0),
(84, 1, '16', 0, 57, 0),
(85, 1, 'ww', 0, 57, 0),
(86, 1, 'he', 0, 57, 0),
(87, 1, 'he', 0, 57, 0),
(88, 1, 'a1', 0, 57, 0),
(89, 1, 'a12', 0, 57, 0),
(90, 1, 'a123', 0, 57, 0),
(94, 1, 'سلام۴', 0, 60, 0),
(95, 1, 'سلام۵', 0, 60, 0),
(98, 1, 'www', 0, 60, 0),
(100, 1, 'wwwww', 0, 60, 0),
(101, 1, '1', 0, 60, 0),
(102, 1, '12', 0, 60, 0),
(103, 1, '123', 0, 60, 0),
(104, 1, '1234', 0, 60, 0),
(105, 1, '123445', 0, 60, 0),
(106, 1, '123445]45', 0, 60, 0),
(107, 1, '123445]4534t', 0, 60, 0),
(108, 1, '123445]4534tg', 0, 60, 0),
(109, 1, '123445]4534tgt4h', 0, 60, 0),
(110, 1, '123445]4534tgt4ht4h', 0, 60, 0),
(111, 1, '123445]4534tgt4ht4h5t4', 0, 60, 0),
(112, 1, '123445]4534tgt4ht4h5t4h54', 0, 60, 0),
(113, 1, '123445]4534tgt4ht4h5t4h54fg', 0, 60, 0),
(114, 1, '123445]4534tgt4ht4h5t4h54fgr4tgh', 0, 60, 0),
(115, 1, '123445]4534tgt4ht4h5t4h54fgr4tghh', 0, 60, 0),
(116, 1, '123445]4534tgt4ht4h5t4h54fgr4tghhkmmmlfd', 0, 60, 0),
(117, 1, '123445]4534tgt4ht4h5t4h54fgr4tghhkmmmlfdfg', 0, 60, 0),
(118, 1, '123445]4534tgt4ht4h5t4h54fgr4tghhkmmmlfdfgfd', 0, 60, 0),
(119, 1, 'd', 0, 60, 0),
(120, 1, 'dsf', 0, 60, 0),
(121, 1, 'dsfdds', 0, 60, 0),
(122, 1, 'dsfddsdv', 0, 60, 0),
(123, 1, 'dsfddsdvfd', 0, 60, 0),
(124, 1, 'dsfddsdvfdrd', 0, 60, 0),
(125, 1, 's', 0, 60, 0),
(126, 1, 'sfeds', 0, 60, 0),
(127, 1, 'sfedsfd', 0, 60, 0),
(128, 1, 'sfedsfdsc', 0, 60, 0),
(129, 1, 'vf', 0, 60, 0),
(130, 1, 'vfg', 0, 60, 0),
(131, 1, 'vfgregb', 0, 60, 0),
(132, 1, 'vfgregb]', 0, 60, 0),
(133, 1, 'vfgregb]', 0, 60, 0);

-- --------------------------------------------------------

--
-- Table structure for table `exp`
--

CREATE TABLE `exp` (
  `id` int(11) NOT NULL,
  `userid` int(11) DEFAULT NULL,
  `groupid` int(11) DEFAULT NULL,
  `title` mediumtext,
  `content` blob NOT NULL,
  `date` text,
  `confirm` int(11) DEFAULT NULL,
  `typeofpost` text NOT NULL,
  `height` int(11) NOT NULL,
  `weight` int(11) NOT NULL,
  `hair` text NOT NULL,
  `eye` text NOT NULL,
  `glass` text NOT NULL,
  `bra` text NOT NULL,
  `waist` int(11) NOT NULL,
  `hips` int(11) NOT NULL,
  `arm` int(11) NOT NULL,
  `armpit` int(11) NOT NULL,
  `income` int(11) NOT NULL,
  `thigh` int(11) NOT NULL,
  `tatto` text NOT NULL,
  `smoke` text NOT NULL,
  `drink` text NOT NULL,
  `region` text NOT NULL,
  `openrelation` text NOT NULL,
  `mainattr` text NOT NULL,
  `car` text NOT NULL,
  `house` text NOT NULL,
  `sport` text NOT NULL,
  `typeInterrested` text NOT NULL,
  `cityid` text NOT NULL,
  `age` int(11) NOT NULL,
  `scorezoom` double NOT NULL
) ENGINE=InnoDB DEFAULT CHARSET=utf8;

--
-- Dumping data for table `exp`
--

INSERT INTO `exp` (`id`, `userid`, `groupid`, `title`, `content`, `date`, `confirm`, `typeofpost`, `height`, `weight`, `hair`, `eye`, `glass`, `bra`, `waist`, `hips`, `arm`, `armpit`, `income`, `thigh`, `tatto`, `smoke`, `drink`, `region`, `openrelation`, `mainattr`, `car`, `house`, `sport`, `typeInterrested`, `cityid`, `age`, `scorezoom`) VALUES
(6, 1, 1, 'esan', 0x2532353236253235323331373035253235334225323532362532353233313537352532353342253235323625323532333136303525323533422532353236253235323331363036253235334225323532362532353233313537382532353342, '20250309111145', 1, 'female', 179, 86, 'مشکی', 'مشکی', 'مجرد', 'A', 95, 96, 90, 93, 97, 95, 'YES', 'YES', 'YES', 'YES', 'YES', 'مهربان', 'BMW', 'NO', 'SWIM', 'classic,hiphop,lash', '121', 123, 0),
(7, 2, 1, 'ehs', 0x78787878, '20250309112806', 1, 'female', 170, 70, 'مشکی', 'مشکی', 'مجرد', 'A', 100, 100, 60, 60, 10, 100, 'NO', 'NO', 'NO', 'NO', 'NO', 'sx', 'benz', 'NO', 'spo', 'classic', '5', 122, 0),
(8, 1, 1, 'آریانا', 0x2623313538313b2623313538333b2623313537353b2623313537353b2623313537353b2623313537353b2623313537353b2623313537353b2623313537363b, '20250309134538', 1, 'female', 170, 70, 'مشکی', 'مشکی', 'مجرد', 'A', 100, 100, 60, 60, 10, 100, 'NO', 'NO', 'NO', 'NO', 'NO', 'مهربان', 'BMW', 'NO', 'شنا', 'classic', '200', 22, 0),
(9, 2, 1, 'روتانا', 0x253236253233313538312533422532362532333135383325334225323625323331353735253342253236253233313537352533422532362532333135373525334225323625323331353735253342253236253233313537352533422532362532333135373525334225323625323331353736253342, '20250309134549', 1, 'female', 170, 70, 'مشکی', 'مشکی', 'مجرد', 'A', 100, 100, 60, 60, 10, 100, 'NO', 'NO', 'NO', 'NO', 'NO', 'مهربان', 'BMW', 'NO', 'شنا', 'classic', '88', 25, 0),
(12, 2, 3, 'tehi', 0x666473, '20250310103356', 1, 'female', 170, 70, 'مشکی', 'مشکی', 'تجربه زندگی', 'A', 100, 100, 60, 60, 10, 100, 'YES', 'YES', 'YES', 'YES', 'YES', 'sxy', 'audi', 'NO', 'swim', 'classic', '82', 21, 0),
(14, 1, 2, 'age', '', '20250310140324', 1, 'female', 170, 70, 'مشکی', 'مشکی', 'تجربه زندگی', 'A', 100, 100, 60, 60, 10, 100, 'بدون تتو', 'اصلا', 'اصلا', 'معتدل باشد', 'موافق باشد', 'xxx', 'nnnnn', 'آپارتمان', 'spo', 'کلاسیک', '80', 50, 0),
(15, 1, 1, 'ehsan', 0x64, '20250311123553', 1, 'male', 170, 70, 'مشکی', 'مشکی', 'تجربه زندگی', 'A', 100, 100, 60, 60, 10, 100, 'بدون تتو', 'اصلا', 'اصلا', 'معتدل باشد', 'موافق باشد', 'kind', 'تویوتا کورولا', 'آپارتمان', 'شنا', 'کلاسیک', '330', 50, 0),
(16, 1, 1, 'آنجلینا', 0x2623313538333b2623313734303b2623313538373b2623313538343b2623313538353b2623313537353b2623313537383b2623313537393b2623313630323b2623313630363b202623313537363b2623313537393b2623313630323b2623313537353b202623313537363b2623313537393b2623313630323b202623313538343b2623313630343b202623313538343b2623313538393b202623313537353b2623313538393b202623313537353b2623313537383b2623313538363b202623313537383b2623313538393b2623313537353b, '20250322114804', 1, 'female', 172, 53, 'مشکی', 'قهوه ای', 'مجرد', 'C', 96, 82, 60, 60, 10, 100, 'تتو داشته باشد', 'علاقمند نباشد', 'علاقه داشته باشد', 'اصلا مذهبی نباشد', 'موافق باشد', 'جذاب و دلنشین', 'BMW 560', 'ویلایی', 'شنا', 'کلاسیک,HipHop,خیلی لش', '82', 24, 0),
(17, 1, 1, 'آنجل', 0x6473666473, '20250322115757', 1, 'female', 170, 70, 'مشکی', 'مشکی', 'تجربه زندگی', 'A', 100, 100, 60, 60, 10, 100, 'بدون تتو', 'اصلا', 'اصلا', 'معتدل باشد', 'موافق باشد', 'جذاب و دلنشین', 'BMW 560', 'آپارتمان', 'شنا', 'کلاسیک', '82', 50, 0),
(18, 1, 1, 'test', '', '20250322153027', 1, 'female', 170, 70, 'مشکی', 'مشکی', 'مجرد', 'A', 100, 100, 60, 60, 10, 100, 'بدون تتو', 'اصلا', 'اصلا', 'معتدل باشد', 'موافق باشد', 'جذاب و دلنشین', 'BMW 560', 'آپارتمان', 'شنا', 'کلاسیک', '82', 50, 0),
(19, 1, 1, 'test', '', '20250322153030', 1, 'female', 170, 70, 'مشکی', 'مشکی', 'مجرد', 'A', 100, 100, 60, 60, 10, 100, 'بدون تتو', 'اصلا', 'اصلا', 'معتدل باشد', 'موافق باشد', 'جذاب و دلنشین', 'BMW 560', 'آپارتمان', 'شنا', 'کلاسیک', '82', 50, 0),
(20, 1, 1, 'test', '', '20250322153033', 1, 'female', 170, 70, 'مشکی', 'مشکی', 'مجرد', 'A', 100, 100, 60, 60, 10, 100, 'بدون تتو', 'اصلا', 'اصلا', 'معتدل باشد', 'موافق باشد', 'جذاب و دلنشین', 'BMW 560', 'آپارتمان', 'شنا', 'کلاسیک', '82', 50, 0),
(21, 1, 1, 'test', '', '20250322153036', 1, 'female', 170, 70, 'مشکی', 'مشکی', 'مجرد', 'A', 100, 100, 60, 60, 10, 100, 'بدون تتو', 'اصلا', 'اصلا', 'معتدل باشد', 'موافق باشد', 'جذاب و دلنشین', 'BMW 560', 'آپارتمان', 'شنا', 'کلاسیک', '82', 50, 0),
(22, 1, 1, 'test', '', '20250322153038', 1, 'female', 170, 70, 'مشکی', 'مشکی', 'مجرد', 'A', 100, 100, 60, 60, 10, 100, 'بدون تتو', 'اصلا', 'اصلا', 'معتدل باشد', 'موافق باشد', 'جذاب و دلنشین', 'BMW 560', 'آپارتمان', 'شنا', 'کلاسیک', '82', 50, 0),
(23, 1, 1, 'test', '', '20250322153043', 1, 'female', 170, 70, 'مشکی', 'مشکی', 'مجرد', 'A', 100, 100, 60, 60, 10, 100, 'بدون تتو', 'اصلا', 'اصلا', 'معتدل باشد', 'موافق باشد', 'جذاب و دلنشین', 'BMW 560', 'آپارتمان', 'شنا', 'کلاسیک', '82', 50, 0),
(24, 1, 1, 'test', '', '20250322153047', 1, 'female', 170, 70, 'مشکی', 'مشکی', 'مجرد', 'A', 100, 100, 60, 60, 10, 100, 'بدون تتو', 'اصلا', 'اصلا', 'معتدل باشد', 'موافق باشد', 'جذاب و دلنشین', 'BMW 560', 'آپارتمان', 'شنا', 'کلاسیک', '82', 50, 0),
(25, 1, 1, 'test', '', '20250322153051', 1, 'female', 170, 70, 'مشکی', 'مشکی', 'مجرد', 'A', 100, 100, 60, 60, 10, 100, 'بدون تتو', 'اصلا', 'اصلا', 'معتدل باشد', 'موافق باشد', 'جذاب و دلنشین', 'BMW 560', 'آپارتمان', 'شنا', 'کلاسیک', '82', 50, 0),
(26, 1, 1, 'test', '', '20250322153054', 1, 'female', 170, 70, 'مشکی', 'مشکی', 'مجرد', 'A', 100, 100, 60, 60, 10, 100, 'بدون تتو', 'اصلا', 'اصلا', 'معتدل باشد', 'موافق باشد', 'جذاب و دلنشین', 'BMW 560', 'آپارتمان', 'شنا', 'کلاسیک', '82', 50, 0),
(27, 1, 1, 'test', '', '20250322153057', 1, 'female', 170, 70, 'مشکی', 'مشکی', 'مجرد', 'A', 100, 100, 60, 60, 10, 100, 'بدون تتو', 'اصلا', 'اصلا', 'معتدل باشد', 'موافق باشد', 'جذاب و دلنشین', 'BMW 560', 'آپارتمان', 'شنا', 'کلاسیک', '82', 50, 0),
(28, 1, 1, 'test', '', '20250322153100', 1, 'female', 170, 70, 'مشکی', 'مشکی', 'مجرد', 'A', 100, 100, 60, 60, 10, 100, 'بدون تتو', 'اصلا', 'اصلا', 'معتدل باشد', 'موافق باشد', 'جذاب و دلنشین', 'BMW 560', 'آپارتمان', 'شنا', 'کلاسیک', '82', 50, 0),
(29, 1, 1, 'test', '', '20250322153103', 1, 'female', 170, 70, 'مشکی', 'مشکی', 'مجرد', 'A', 100, 100, 60, 60, 10, 100, 'بدون تتو', 'اصلا', 'اصلا', 'معتدل باشد', 'موافق باشد', 'جذاب و دلنشین', 'BMW 560', 'آپارتمان', 'شنا', 'کلاسیک', '82', 50, 0),
(30, 1, 1, 'test', '', '20250322153107', 1, 'female', 170, 70, 'مشکی', 'مشکی', 'مجرد', 'A', 100, 100, 60, 60, 10, 100, 'بدون تتو', 'اصلا', 'اصلا', 'معتدل باشد', 'موافق باشد', 'جذاب و دلنشین', 'BMW 560', 'آپارتمان', 'شنا', 'کلاسیک', '82', 50, 0),
(31, 1, 1, 'test', '', '20250322153110', 1, 'female', 170, 70, 'مشکی', 'مشکی', 'مجرد', 'A', 100, 100, 60, 60, 10, 100, 'بدون تتو', 'اصلا', 'اصلا', 'معتدل باشد', 'موافق باشد', 'جذاب و دلنشین', 'BMW 560', 'آپارتمان', 'شنا', 'کلاسیک', '82', 50, 0),
(32, 1, 1, 'test', '', '20250322153113', 1, 'female', 170, 70, 'مشکی', 'مشکی', 'مجرد', 'A', 100, 100, 60, 60, 10, 100, 'بدون تتو', 'اصلا', 'اصلا', 'معتدل باشد', 'موافق باشد', 'جذاب و دلنشین', 'BMW 560', 'آپارتمان', 'شنا', 'کلاسیک', '82', 50, 0),
(33, 1, 1, 'test', '', '20250322153117', 1, 'female', 170, 70, 'مشکی', 'مشکی', 'مجرد', 'A', 100, 100, 60, 60, 10, 100, 'بدون تتو', 'اصلا', 'اصلا', 'معتدل باشد', 'موافق باشد', 'جذاب و دلنشین', 'BMW 560', 'آپارتمان', 'شنا', 'کلاسیک', '82', 50, 0),
(34, 1, 1, 'test', '', '20250322153120', 1, 'female', 170, 70, 'مشکی', 'مشکی', 'مجرد', 'A', 100, 100, 60, 60, 10, 100, 'بدون تتو', 'اصلا', 'اصلا', 'معتدل باشد', 'موافق باشد', 'جذاب و دلنشین', 'BMW 560', 'آپارتمان', 'شنا', 'کلاسیک', '82', 50, 0),
(35, 1, 1, 'test', '', '20250322153123', 1, 'female', 170, 70, 'مشکی', 'مشکی', 'مجرد', 'A', 100, 100, 60, 60, 10, 100, 'بدون تتو', 'اصلا', 'اصلا', 'معتدل باشد', 'موافق باشد', 'جذاب و دلنشین', 'BMW 560', 'آپارتمان', 'شنا', 'کلاسیک', '82', 50, 0),
(36, 1, 1, 'test', '', '20250322153127', 1, 'female', 170, 70, 'مشکی', 'مشکی', 'مجرد', 'A', 100, 100, 60, 60, 10, 100, 'بدون تتو', 'اصلا', 'اصلا', 'معتدل باشد', 'موافق باشد', 'جذاب و دلنشین', 'BMW 560', 'آپارتمان', 'شنا', 'کلاسیک', '82', 50, 0),
(37, 1, 1, 'test', '', '20250322153130', 1, 'female', 170, 70, 'مشکی', 'مشکی', 'مجرد', 'A', 100, 100, 60, 60, 10, 100, 'بدون تتو', 'اصلا', 'اصلا', 'معتدل باشد', 'موافق باشد', 'جذاب و دلنشین', 'BMW 560', 'آپارتمان', 'شنا', 'کلاسیک', '82', 50, 0),
(38, 1, 1, 'test', '', '20250322153133', 1, 'female', 170, 70, 'مشکی', 'مشکی', 'مجرد', 'A', 100, 100, 60, 60, 10, 100, 'بدون تتو', 'اصلا', 'اصلا', 'معتدل باشد', 'موافق باشد', 'جذاب و دلنشین', 'BMW 560', 'آپارتمان', 'شنا', 'کلاسیک', '82', 50, 0),
(39, 1, 1, 'test', '', '20250322153136', 1, 'female', 170, 70, 'مشکی', 'مشکی', 'مجرد', 'A', 100, 100, 60, 60, 10, 100, 'بدون تتو', 'اصلا', 'اصلا', 'معتدل باشد', 'موافق باشد', 'جذاب و دلنشین', 'BMW 560', 'آپارتمان', 'شنا', 'کلاسیک', '82', 50, 0),
(40, 1, 1, 'test', '', '20250322153208', 1, 'female', 170, 70, 'مشکی', 'مشکی', 'مجرد', 'A', 100, 100, 60, 60, 10, 100, 'بدون تتو', 'اصلا', 'اصلا', 'معتدل باشد', 'موافق باشد', 'جذاب و دلنشین', 'BMW 560', 'آپارتمان', 'شنا', 'کلاسیک', '82', 50, 0),
(41, 1, 1, 'test', '', '20250322153212', 1, 'female', 170, 70, 'مشکی', 'مشکی', 'مجرد', 'A', 100, 100, 60, 60, 10, 100, 'بدون تتو', 'اصلا', 'اصلا', 'معتدل باشد', 'موافق باشد', 'جذاب و دلنشین', 'BMW 560', 'آپارتمان', 'شنا', 'کلاسیک', '82', 50, 0),
(42, 1, 1, 'test', '', '20250322153215', 1, 'female', 170, 70, 'مشکی', 'مشکی', 'مجرد', 'A', 100, 100, 60, 60, 10, 100, 'بدون تتو', 'اصلا', 'اصلا', 'معتدل باشد', 'موافق باشد', 'جذاب و دلنشین', 'BMW 560', 'آپارتمان', 'شنا', 'کلاسیک', '82', 50, 0),
(43, 1, 1, 'test', '', '20250322153218', 1, 'female', 170, 70, 'مشکی', 'مشکی', 'مجرد', 'A', 100, 100, 60, 60, 10, 100, 'بدون تتو', 'اصلا', 'اصلا', 'معتدل باشد', 'موافق باشد', 'جذاب و دلنشین', 'BMW 560', 'آپارتمان', 'شنا', 'کلاسیک', '82', 50, 0),
(44, 1, 1, 'test', '', '20250322153221', 1, 'female', 170, 70, 'مشکی', 'مشکی', 'مجرد', 'A', 100, 100, 60, 60, 10, 100, 'بدون تتو', 'اصلا', 'اصلا', 'معتدل باشد', 'موافق باشد', 'جذاب و دلنشین', 'BMW 560', 'آپارتمان', 'شنا', 'کلاسیک', '82', 50, 0),
(45, 1, 1, 'test', '', '20250322153225', 1, 'female', 170, 70, 'مشکی', 'مشکی', 'مجرد', 'A', 100, 100, 60, 60, 10, 100, 'بدون تتو', 'اصلا', 'اصلا', 'معتدل باشد', 'موافق باشد', 'جذاب و دلنشین', 'BMW 560', 'آپارتمان', 'شنا', 'کلاسیک', '82', 50, 0),
(46, 1, 2, 'ehsan', 0x73616c616d, '20250327161933', 1, 'female', 196, 118, 'مشکی', 'مشکی', 'تجربه زندگی', 'A', 105, 113, 115, 148, 51, 179, 'تتو داشته باشد', 'علاقمند نباشد', 'علاقه داشته باشد', 'اصلا مذهبی نباشد', 'موافق باشد', '', 'benz s300', 'ویلایی', 'شنا', 'کلاسیک', '82', 105, 0),
(47, 1, 1, 'ehsan', 0x737373, '20250327162037', 1, 'male', 170, 70, 'مشکی', 'مشکی', 'مجرد', 'A', 100, 100, 60, 60, 10, 100, 'بدون تتو', 'اصلا', 'اصلا', 'معتدل باشد', 'موافق باشد', '', '', 'آپارتمان', 'شنا', 'کلاسیک', '82', 50, 0),
(48, 1, 1, 'ehsan', '', '20250327162202', 1, 'male', 170, 70, 'مشکی', 'مشکی', 'مجرد', 'A', 100, 100, 60, 60, 10, 100, 'بدون تتو', 'اصلا', 'اصلا', 'معتدل باشد', 'موافق باشد', 'جذاب و دلنشین', 'BMW 560', 'آپارتمان', 'شنا', 'کلاسیک', '82', 50, 0),
(49, 1, 1, 'ehsan', '', '20250327162216', 1, 'male', 170, 70, 'مشکی', 'مشکی', 'مجرد', 'A', 100, 100, 60, 60, 10, 100, 'بدون تتو', 'اصلا', 'اصلا', 'معتدل باشد', 'موافق باشد', 'جذاب و دلنشین', 'BMW 560', 'آپارتمان', 'شنا', 'کلاسیک', '82', 50, 0),
(50, 1, 1, 'ehsan', '', '20250327162352', 1, 'male', 170, 70, 'مشکی', 'مشکی', 'مجرد', 'A', 100, 100, 60, 60, 10, 100, 'بدون تتو', 'اصلا', 'اصلا', 'معتدل باشد', 'موافق باشد', 'جذاب و دلنشین', 'BMW 560', 'آپارتمان', 'شنا', 'کلاسیک', '82', 50, 0),
(51, 1, 1, 'ehsan', '', '20250327162448', 1, 'male', 170, 70, 'مشکی', 'مشکی', 'مجرد', 'A', 100, 100, 60, 60, 10, 100, 'بدون تتو', 'اصلا', 'اصلا', 'معتدل باشد', 'موافق باشد', 'جذاب و دلنشین', 'BMW 560', 'آپارتمان', 'شنا', 'کلاسیک', '82', 50, 0),
(52, 1, 1, 'xxxxxxxxxxxxx', '', '20250327162538', 1, 'female', 170, 70, 'مشکی', 'مشکی', 'مجرد', 'A', 100, 100, 60, 60, 10, 100, 'بدون تتو', 'اصلا', 'اصلا', 'معتدل باشد', 'موافق باشد', 'جذاب و دلنشین', 'BMW 560', 'آپارتمان', 'شنا', 'کلاسیک', '80', 50, 0),
(53, 1, 1, 'چارلی چاپلین', 0x3c703e2623313538333b2623313537353b2623313538373b2623313537383b2623313537353b2623313630363b202623313630313b2623313734303b2623313630343b2623313630353b202623313538353b2623313630383b2623313537353b2623313734303b2623313537383b2623383230343b2623313731313b2623313538353b202623313538363b2623313630363b2623313538333b2623313731313b2623313734303b202623313637303b2623313630363b2623313538333b202623313538323b2623313537353b2623313630363b2623313630383b2623313537353b2623313538333b2623313630373b202623313537353b2623313538373b2623313537383b202623313730353b2623313630373b202623313537363b2623313538353b2623313537353b2623313734303b202623313731313b2623313538343b2623313538353b2623313537353b2623313630363b2623313538333b2623313630363b26233136303b3c6120687265663d2268747470733a2f2f66612e77696b6970656469612e6f72672f77696b692f25443825414125443825423925443825423725444225384325443925383425443825413725443825414122207469746c653d222623313537383b2623313539333b2623313539313b2623313734303b2623313630343b2623313537353b2623313537383b223e2623313537383b2623313539333b2623313539313b2623313734303b2623313630343b2623313537353b2623313537383b3c2f613e26233136303b2623313537363b2623313630373b202623313538383b2623313630353b2623313537353b2623313630343b202623313730353b2623313538383b2623313630383b2623313538353b202623313538373b2623313630313b2623313538353b202623313730353b2623313538353b2623313538333b2623313630373b202623313537353b2623313630363b2623313538333b2e202623313538333b2623313630383b2623313538373b2623313537383b2623313537353b2623313630363b202623313537353b2623313538313b2623313630353b2623313538333b20283c6120687265663d2268747470733a2f2f66612e77696b6970656469612e6f72672f77696b692f2544382542342544392538372544382541372544382541385f25443825414425443825423325444225384325443925383625444225384322207469746c653d222623313538383b2623313630373b2623313537353b2623313537363b202623313538313b2623313538373b2623313734303b2623313630363b2623313734303b223e2623313538383b2623313630373b2623313537353b2623313537363b202623313538313b2623313538373b2623313734303b2623313630363b2623313734303b3c2f613e29202623313730353b2623313630373b202623313636323b2623313538373b202623313537353b2623313538363b202623313538373b2623313537353b2623313630343b2623383230343b2623313630373b2623313537353b202623313538363b2623313630363b2623313538333b2623313731313b2623313734303b202623313538333b2623313538353b26233136303b3c6120687265663d2268747470733a2f2f66612e77696b6970656469612e6f72672f77696b692f25443825413225443925383425443925383525443825413725443925383622207469746c653d222623313537303b2623313630343b2623313630353b2623313537353b2623313630363b223e2623313537303b2623313630343b2623313630353b2623313537353b2623313630363b3c2f613e26233136303b2623313537363b2623313630373b26233136303b3c6120687265663d2268747470733a2f2f66612e77696b6970656469612e6f72672f77696b692f25443825413725444225384325443825423125443825413725443925383622207469746c653d222623313537353b2623313734303b2623313538353b2623313537353b2623313630363b223e2623313537353b2623313734303b2623313538353b2623313537353b2623313630363b3c2f613e26233136303b2623313537363b2623313537353b2623313538363b2623313731313b2623313538383b2623313537383b2623313630373b2623313534383b202623313538333b2623313538353b202623313537383b2623313630343b2623313537353b2623313538383b202623313630373b2623313538373b2623313537383b2623313630363b2623313538333b202623313537383b2623313537353b202623313630373b2623313630353b2623313538373b2623313538353b2623313734303b202623313538353b2623313537353b202623313537363b2623313538353b2623313537353b2623313734303b202623313537353b2623313630383b202623313537363b2623313734303b2623313537353b2623313537363b2623313630363b2623313538333b2e202623313537363b2623313630373b202623313630373b2623313630353b2623313734303b2623313630363b202623313538323b2623313537353b2623313539313b2623313538353b2623313534383b202623313630353b2623313538353b2623313537363b2623313734303b202623313630353b2623313630373b2623313538333b2623313730353b2623313630383b2623313538333b2623313730353b2623313734303b202623313537363b2623313630373b202623313630363b2623313537353b2623313630353b202623313537353b2623313631363b2623313630343b2623313734303b20283c6120687265663d2268747470733a2f2f66612e77696b6970656469612e6f72672f77696b692f2544382541412544382542312544382541372544392538362544392538375f25443825423925443925383425444225384325443825414625443925383825443825423325443825414125444225384322207469746c653d222623313537383b2623313538353b2623313537353b2623313630363b2623313630373b202623313539333b2623313630343b2623313734303b2623313538333b2623313630383b2623313538373b2623313537383b2623313734303b223e2623313537383b2623313538353b2623313537353b2623313630363b2623313630373b202623313539333b2623313630343b2623313734303b2623313538333b2623313630383b2623313538373b2623313537383b2623313734303b3c2f613e29202623313537363b2623313537353b202623313538333b2623313539333b2623313630383b2623313537383b202623313538373b2623313636323b2623313734303b2623313538333b2623313630373b20283c6120687265663d2268747470733a2f2f66612e77696b6970656469612e6f72672f77696b692f2544412541462544392538342544382542342544422538432544392538312544382541412544392538375f25443925383125443825423125443825413725443925383725443825413725443925383625444225384322207469746c653d222623313731313b2623313630343b2623313538383b2623313734303b2623313630313b2623313537383b2623313630373b202623313630313b2623313538353b2623313537353b2623313630373b2623313537353b2623313630363b2623313734303b223e2623313731313b2623313630343b2623313538383b2623313734303b2623313630313b2623313537383b2623313630373b202623313630313b2623313538353b2623313537353b2623313630373b2623313537353b2623313630363b2623313734303b3c2f613e292623313534383b202623313537363b2623313630373b202623313630373b2623313630353b2623313538353b2623313537353b2623313630373b202623313538333b2623313734303b2623313731313b2623313538353b2623313537353b2623313630363b202623313537363b2623313630373b202623313537353b2623313734303b2623313630363b202623313538373b2623313630313b2623313538353b202623313537303b2623313630353b2623313538333b2623313630373b202623313537353b2623313538373b2623313537383b2e202623313537353b2623313630353b2623313631373b2623313537353b202623313636323b2623313538373b202623313537353b2623313538363b202623313630363b2623313537353b2623313636323b2623313538333b2623313734303b2623313538333b202623313538383b2623313538333b2623313630363b202623313537353b2623313630343b2623313734303b202623313538333b2623313538353b202623313538373b2623313537353b2623313538313b2623313630343b202623313538333b2623313538353b2623313734303b2623313537353b2623313534383b202623313630353b2623313537353b2623313538303b2623313538353b2623313537353b202623313537363b2623313630373b202623313537383b2623313538353b2623313537353b2623313638383b2623313538333b2623313734303b202623313537383b2623313537363b2623313538333b2623313734303b2623313630343b202623313630353b2623313734303b2623383230343b2623313538383b2623313630383b2623313538333b202623313630383b202623313630373b2623313538353b202623313730353b2623313538373b202623313538333b2623313538353b202623313630353b2623313630383b2623313538353b2623313538333b202623313537353b2623313734303b2623313630363b202623313630353b2623313538373b2623313537343b2623313630343b2623313630373b202623313537363b2623313630373b202623313630323b2623313539303b2623313537353b2623313630383b2623313537383b202623313636323b2623313538353b2623313538333b2623313537353b2623313538323b2623313537383b2623313630373b202623313630383b202623313538333b2623313734303b2623313731313b2623313538353b2623313734303b202623313538353b2623313537353b202623313630353b2623313630323b2623313538393b2623313538353b202623313630353b2623313734303b2623383230343b2623313538333b2623313537353b2623313630363b2623313538333b2e202623313537383b2623313537353b202623313537303b2623313630363b2623383230343b2623313538303b2623313537353b202623313730353b2623313630373b202623313538303b2623313630353b2623313539333b202623313537363b2623313630373b202623313538323b2623313537353b2623313539313b2623313538353b202623313630353b2623313630363b2623313537353b2623313630313b2623313539333b202623313538323b2623313630383b2623313538333b202623313538363b2623313630353b2623313537353b2623313630363b2623313734303b202623313730353b2623313630373b202623313630363b2623313537353b2623313630353b2623313538363b2623313538333b202623313538303b2623313538373b2623313537383b2623313538303b2623313630383b2623313731313b2623313538353b202623313537353b2623313630343b2623313734303b202623313538333b2623313538353b202623313636323b2623313734303b202623313537353b2623313630383b202623313537353b2623313538363b202623313538353b2623313537353b2623313630373b202623313630353b2623313734303b2623383230343b2623313538353b2623313538373b2623313538333b202623313537353b2623313538363b202623313538313b2623313630353b2623313537353b2623313734303b2623313537383b202623313537353b2623313630343b2623313734303b202623313538333b2623313538373b2623313537383b202623313730353b2623313538383b2623313734303b2623313538333b2623313630373b202623313630383b202623313538373b2623313636323b2623313734303b2623313538333b2623313630373b202623313538353b2623313537353b202623313630353b2623313538303b2623313537353b2623313537363b202623313630353b2623313734303b2623383230343b2623313630363b2623313630353b2623313537353b2623313734303b2623313538333b202623313730353b2623313630373b202623313538333b2623313538353b202623313630353b2623313630383b2623313538353b2623313538333b202623313537353b2623313630343b2623313734303b202623313538313b2623313538353b2623313630313b2623383230343b2623313630373b2623313537353b2623313734303b202623313630363b2623313537353b2623313538333b2623313538353b2623313538373b2623313537383b202623313630383b202623313538333b2623313538353b2623313630383b2623313539343b2623383230343b2623313630373b2623313537353b2623313734303b202623313730353b2623313630383b2623313637303b2623313730353b2623313734303b202623313537363b2623313731313b2623313630383b2623313734303b2623313538333b2623313536333b202623313538333b2623313538353b2623313630383b2623313539343b2623383230343b2623313630373b2623313537353b2623313734303b2623313734303b202623313730353b2623313630373b202623313537383b2623313537363b2623313538333b2623313734303b2623313630343b202623313537363b2623313630373b202623313630313b2623313537353b2623313538303b2623313539333b2623313630373b202623313630353b2623313734303b2623383230343b2623313538383b2623313630383b2623313630363b2623313538333b2e3c2f703e3c6469763e3c62723e3c2f6469763e, '20250329101007', 1, 'male', 170, 70, 'مشکی', 'مشکی', 'مجرد', 'A', 100, 100, 60, 60, 10, 100, 'بدون تتو', 'اصلا', 'اصلا', 'معتدل باشد', 'موافق باشد', 'جذاب و دلنشین', 'BMW 560', 'آپارتمان', 'شنا', 'کلاسیک', '82', 50, 0),
(54, 1, 1, '', '', '20250329113648', 1, 'female', 170, 70, 'مشکی', 'مشکی', 'مجرد', 'A', 100, 100, 60, 60, 10, 100, 'بدون تتو', 'اصلا', 'اصلا', 'معتدل باشد', 'موافق باشد', '', '', 'آپارتمان', '', 'کلاسیک', '1', 50, 0),
(55, 1, 2, 'tan', '', '20250330112407', 1, 'male', 170, 70, 'مشکی', 'مشکی', 'تجربه زندگی', 'A', 100, 100, 60, 60, 10, 100, 'بدون تتو', 'اصلا', 'اصلا', 'معتدل باشد', 'موافق باشد', 'جذاب و دلنشین', 'BMW 560', 'آپارتمان', 'شنا', 'کلاسیک', '83', 50, 0),
(57, 1, 2, 'shi', '', '20250330133339', 1, 'female', 170, 70, 'مشکی', 'مشکی', 'مجرد', 'C', 100, 100, 60, 60, 10, 100, 'بدون تتو', 'اصلا', 'اصلا', 'معتدل باشد', 'موافق باشد', 'جذاب و دلنشین', 'BMW 560', 'آپارتمان', 'شنا', 'کلاسیک', '45', 50, 0),
(58, 1, 1, 'نازیلا', 0x3c703e3c623e2623313538303b2623313630363b2623313734303b2623313630313b2623313538353b202623313630343b2623313734303b2623313630363b202623313630343b2623313630383b2623313636323b2623313538363b3c2f623e26233136303b283c6120687265663d2268747470733a2f2f66612e77696b6970656469612e6f72672f77696b692f2544382542322544382541382544382541372544392538365f25443825413725443925383625444125414625443925383425444225384325443825423325444225384322207469746c653d222623313538363b2623313537363b2623313537353b2623313630363b202623313537353b2623313630363b2623313731313b2623313630343b2623313734303b2623313538373b2623313734303b223e2623313537353b2623313630363b2623313731313b2623313630343b2623313734303b2623313538373b2623313734303b3c2f613e3a26233136303b3c7370616e206c616e673d22656e223e3c6264693e4a656e6e69666572204c796e6e204c6f70657a3c2f6264693e3c2f7370616e3e2623313536333b202623313538363b2623313537353b2623313538333b2623313630373b2623313632303b202623313737383b2623313738303b202623313638383b2623313630383b2623313537343b2623313734303b2623313630373b202623313737373b2623313738353b2623313738323b2623313738353b29202623313730353b2623313630373b202623313537363b2623313537353b202623313630343b2623313630323b2623313537363b26233136303b3c623e2623313538303b2623313631363b2623313734303b3c2f623e2e3c623e2623313630343b2623313630383b3c2f623e26233136303b284a2e6c6f29202623313630363b2623313734303b2623313538363b202623313538383b2623313630363b2623313537353b2623313538323b2623313537383b2623313630373b202623313630353b2623313734303b2623383230343b2623313538383b2623313630383b2623313538333b2623313534383b202623313538323b2623313630383b2623313537353b2623313630363b2623313630363b2623313538333b2623313630373b2623313534383b202623313537363b2623313537353b2623313538363b2623313734303b2623313731313b2623313538353b202623313630383b202623313538353b2623313630323b2623313538393b2623313630363b2623313538333b2623313630373b202623313537303b2623313630353b2623313538353b2623313734303b2623313730353b2623313537353b2623313734303b2623313734303b202623313537353b2623313538373b2623313537383b2e202623313537353b2623313630383b202623313537363b2623313537353b2623313538363b2623313734303b2623313731313b2623313538353b2623313734303b202623313538353b2623313537353b202623313537363b2623313630373b2623383230343b2623313539313b2623313630383b2623313538353b202623313538313b2623313538353b2623313630313b2623313630373b2623383230343b2623313537353b2623313734303b202623313537353b2623313538363b202623313538373b2623313537353b2623313630343b202623313737373b2623313738353b2623313738343b2623313738323b202623313538383b2623313538353b2623313630383b2623313539333b202623313730353b2623313538353b2623313538333b202623313630383b202623313538333b2623313538353b202623313538373b2623313537353b2623313630343b202623313737373b2623313738353b2623313738353b2623313738333b202623313537353b2623313630383b2623313630343b2623313734303b2623313630363b202623313630363b2623313630323b2623313538383b202623313537353b2623313538393b2623313630343b2623313734303b202623313538323b2623313630383b2623313538333b202623313538353b2623313537353b202623313537363b2623313537353b202623313537353b2623313734303b2623313630313b2623313537353b2623313734303b202623313630363b2623313630323b2623313538383b202623313538333b2623313538353b202623313630313b2623313734303b2623313630343b2623313630353b26233136303b3c6120687265663d2268747470733a2f2f66612e77696b6970656469612e6f72672f77696b692f2544382542332544392538342544392538362544382541375f282544392538312544422538432544392538342544392538352922207469746c653d222623313538373b2623313630343b2623313630363b2623313537353b20282623313630313b2623313734303b2623313630343b2623313630353b29223e3c693e2623313538373b2623313630343b2623313630363b2623313537353b3c2f693e3c2f613e26233136303b2623313537383b2623313538303b2623313538353b2623313537363b2623313630373b202623313730353b2623313538353b2623313538333b202623313730353b2623313630373b202623313630363b2623313537353b2623313630353b2623313538363b2623313538333b202623313538303b2623313537353b2623313734303b2623313538363b2623313630373b26233136303b3c6120687265663d2268747470733a2f2f66612e77696b6970656469612e6f72672f77696b692f2544382541432544392538382544382541372544422538432544382542325f2544412541462544392538342544382541462544392538365f25444125414625443925383425443925383825443825413822207469746c653d222623313538303b2623313630383b2623313537353b2623313734303b2623313538363b202623313731313b2623313630343b2623313538333b2623313630363b202623313731313b2623313630343b2623313630383b2623313537363b223e2623313731313b2623313630343b2623313538333b2623313630363b202623313731313b2623313630343b2623313630383b2623313537363b3c2f613e26233136303b2623313538383b2623313538333b2e202623313537353b2623313630383b202623313538373b2623313636323b2623313538373b202623313537363b2623313537353b202623313537363b2623313537353b2623313538363b2623313734303b202623313538333b2623313538353b26233136303b3c6120687265663d2268747470733a2f2f66612e77696b6970656469612e6f72672f77696b692f2544382541452544382541372544382542312544382541435f2544382541372544382542325f2544382541462544422538432544382541465f282544392538312544422538432544392538342544392538355f2544422542312544422542392544422542392544422542382922207469746c653d222623313538323b2623313537353b2623313538353b2623313538303b202623313537353b2623313538363b202623313538333b2623313734303b2623313538333b20282623313630313b2623313734303b2623313630343b2623313630353b202623313737373b2623313738353b2623313738353b2623313738343b29223e3c693e2623313538323b2623313537353b2623313538353b2623313538303b202623313537353b2623313538363b202623313538333b2623313734303b2623313538333b3c2f693e3c2f613e26233136303b2623313630383b26233136303b3c6120687265663d2268747470733a2f2f66612e77696b6970656469612e6f72672f77696b692f2544392538322544382542372544382541372544382542315f2544392542452544392538382544392538345f282544392538312544422538432544392538342544392538352922207469746c653d222623313630323b2623313539313b2623313537353b2623313538353b202623313636323b2623313630383b2623313630343b20282623313630313b2623313734303b2623313630343b2623313630353b29223e3c693e2623313630323b2623313539313b2623313537353b2623313538353b202623313636323b2623313630383b2623313630343b3c2f693e3c2f613e26233136303b2623313538323b2623313630383b2623313538333b202623313538353b2623313537353b202623313537363b2623313630373b2623383230343b2623313539333b2623313630363b2623313630383b2623313537353b2623313630363b202623313636323b2623313538353b2623313538333b2623313538353b2623313537303b2623313630353b2623313538333b2623313537383b2623313538353b2623313734303b2623313630363b202623313537363b2623313537353b2623313538363b2623313734303b2623313731313b2623313538353b202623313537353b2623313538373b2623313636323b2623313537353b2623313630363b2623313734303b2623313537353b2623313734303b2623313734303b2623383230343b2623313537383b2623313537363b2623313537353b2623313538353b202623313538333b2623313538353b202623313630373b2623313537353b2623313630343b2623313734303b2623313630383b2623313630383b2623313538333b202623313630353b2623313539313b2623313538353b2623313538313b202623313730353b2623313538353b2623313538333b202623313630383b202623313538333b2623313538353b202623313538373b2623313537353b2623313630343b202623313737373b2623313738353b2623313738353b2623313738353b202623313630313b2623313539333b2623313537353b2623313630343b2623313734303b2623313537383b202623313538333b2623313538353b202623313539333b2623313538353b2623313538393b2623313630373b202623313630353b2623313630383b2623313538373b2623313734303b2623313630323b2623313734303b202623313538353b2623313537353b202623313630373b2623313630353b202623313537363b2623313537353b202623313537353b2623313630363b2623313537383b2623313538383b2623313537353b2623313538353b202623313537353b2623313630383b2623313630343b2623313734303b2623313630363b202623313537303b2623313630343b2623313537363b2623313630383b2623313630353b2623313538383b202623313537363b2623313630373b202623313630363b2623313537353b2623313630353b26233136303b3c693e3c6120687265663d2268747470733a2f2f66612e77696b6970656469612e6f72672f77696b692f2544382541322544392538365f2544382541465f25443825423325444225384325444125413925443825423322207469746c653d222623313537303b2623313630363b202623313538333b202623313538373b2623313734303b2623313730353b2623313538373b223e2623313537303b2623313630363b202623313538333b202623313538373b2623313734303b2623313730353b2623313538373b3c2f613e3c2f693e26233136303b2623313538383b2623313538353b2623313630383b2623313539333b202623313730353b2623313538353b2623313538333b2e3c73757020636c6173733d227265666572656e6365223e3c6120687265663d2268747470733a2f2f66612e77696b6970656469612e6f72672f77696b692f2544382541432544392538362544422538432544392538312544382542315f25443925383425443925383825443925424525443825423223636974655f6e6f74652d33223e3c7370616e20636c6173733d22636974652d627261636b6574223e5b3c2f7370616e3e2623313737393b3c7370616e20636c6173733d22636974652d627261636b6574223e5d3c2f7370616e3e3c2f613e3c2f7375703e3c2f703e3c703e2623313630363b2623313538323b2623313538373b2623313537383b2623313734303b2623313630363b202623313630363b2623313630323b2623313538383b202623313537353b2623313538373b2623313537353b2623313538373b2623313734303b202623313630383b2623313734303b202623313538333b2623313538353b202623313630313b2623313734303b2623313630343b2623313630353b26233136303b3c693e3c6120687265663d2268747470733a2f2f66612e77696b6970656469612e6f72672f77696b692f2544382542312544392538362544412541462545322538302538432544392538372544382541372544422538435f25443825423225443925383625443825414625443925383722207469746c653d222623313538353b2623313630363b2623313731313b2623383230343b2623313630373b2623313537353b2623313734303b202623313538363b2623313630363b2623313538333b2623313630373b223e2623313538353b2623313630363b2623313731313b2623383230343b2623313630373b2623313537353b2623313734303b202623313538363b2623313630363b2623313538333b2623313630373b3c2f613e3c2f693e26233136303b282623313737373b2623313738353b2623313738353b2623313737373b29202623313538353b2623313630323b2623313630353b202623313538323b2623313630383b2623313538353b2623313538333b202623313630383b202623313637303b2623313630363b2623313538333b2623313734303b202623313537363b2623313539333b2623313538333b202623313630363b2623313734303b2623313538363b202623313630363b2623313538323b2623313538373b2623313537383b2623313734303b2623313630363b202623313630313b2623313734303b2623313630343b2623313630353b202623313538373b2623313734303b2623313630363b2623313630353b2623313537353b2623313734303b2623313734303b202623313730353b2623313630373b202623313538333b2623313538353b202623313537303b2623313630363b202623313630363b2623313630323b2623313538383b202623313537353b2623313630383b2623313630343b202623313538353b2623313537353b202623313538333b2623313537353b2623313538383b2623313537383b2623313534383b202623313537363b2623313537353b202623313630363b2623313537353b2623313630353b26233136303b3c693e2623313538373b2623313630343b2623313630363b2623313537353b3c2f693e26233136303b2623313537363b2623313630373b202623313537353b2623313538303b2623313538353b2623313537353b202623313538333b2623313538353b2623313537303b2623313630353b2623313538333b2e202623313537353b2623313734303b2623313630363b202623313630313b2623313734303b2623313630343b2623313630353b202623313538333b2623313538353b202623313538323b2623313538393b2623313630383b2623313538393b202623313630373b2623313630363b2623313538353b2623313630353b2623313630363b2623313538333b2623313734303b202623313537303b2623313630353b2623313538353b2623313734303b2623313730353b2623313537353b2623313734303b2623313734303b202623313537363b2623313630373b202623313630363b2623313537353b2623313630353b26233136303b3c6120687265663d2268747470733a2f2f66612e77696b6970656469612e6f72672f77696b692f25443825423325443925383425443925383625443825413722207469746c653d222623313538373b2623313630343b2623313630363b2623313537353b223e2623313538373b2623313630343b2623313630363b2623313537353b3c2f613e26233136303b2623313538373b2623313537353b2623313538323b2623313537383b2623313630373b202623313538383b2623313538333b2623313630373b202623313537363b2623313630383b2623313538333b2e202623313630313b2623313734303b2623313630343b2623313630353b202623313537363b2623313539333b2623313538333b2623313734303b2623383230343b2623313537353b2623313538383b202623313730353b2623313630373b202623313537363b2623313538353b202623313538383b2623313630373b2623313538353b2623313537383b202623313630383b2623313734303b202623313537353b2623313630313b2623313538363b2623313630383b2623313538333b2623313534383b26233136303b3c693e2623313538323b2623313537353b2623313538353b2623313538303b202623313537353b2623313538363b202623313538333b2623313734303b2623313538333b3c2f693e26233136303b2623313537363b2623313630383b2623313538333b202623313730353b2623313630373b202623313537363b2623313537353b2623313537363b2623313537383b202623313537363b2623313537353b2623313538363b2623313734303b202623313538333b2623313538353b202623313537303b2623313630363b202623313538333b2623313538373b2623313537383b2623313630353b2623313538363b2623313538333b2623313734303b202623313630353b2623313539333b2623313537353b2623313538333b2623313630343b202623313734303b2623313730353b202623313630353b2623313734303b2623313630343b2623313734303b2623313630383b2623313630363b202623313538333b2623313630343b2623313537353b2623313538353b202623313538333b2623313538353b2623313734303b2623313537353b2623313630313b2623313537383b202623313730353b2623313538353b2623313538333b2e202623313630343b2623313630383b2623313636323b2623313538363b202623313537363b2623313537353b202623313537353b2623313734303b2623313630363b202623313538333b2623313538353b2623313537303b2623313630353b2623313538333b202623313734303b2623313730353b202623313630353b2623313734303b2623313630343b2623313734303b2623313630383b2623313630363b202623313538333b2623313630343b2623313537353b2623313538353b2623313734303b202623313537383b2623313537363b2623313538333b2623313734303b2623313630343b202623313537363b2623313630373b202623313630363b2623313538323b2623313538373b2623313537383b2623313734303b2623313630363b202623313537363b2623313537353b2623313538363b2623313734303b2623313731313b2623313538353b202623313538363b2623313630363b202623313630343b2623313537353b2623313537383b2623313734303b2623313630363b2623383230343b2623313537383b2623313537363b2623313537353b2623313538353b202623313537383b2623313537353b2623313538353b2623313734303b2623313538323b202623313538373b2623313734303b2623313630363b2623313630353b2623313537353b202623313538383b2623313538333b202623313730353b2623313630373b202623313537383b2623313537353b202623313537303b2623313630363b202623313538373b2623313537353b2623313630343b202623313637303b2623313630363b2623313734303b2623313630363b202623313538333b2623313538373b2623313537383b2623313630353b2623313538363b2623313538333b202623313537363b2623313537353b2623313630343b2623313537353b2623313734303b2623313734303b202623313538353b2623313537353b202623313537363b2623313538353b2623313537353b2623313734303b202623313537363b2623313537353b2623313538363b2623313734303b2623313731313b2623313538353b2623313734303b202623313538333b2623313538353b2623313734303b2623313537353b2623313630313b2623313537383b202623313730353b2623313538353b2623313538333b2623313630373b202623313537363b2623313630383b2623313538333b2e202623313630383b2623313734303b202623313538333b2623313538353b202623313538373b2623313537353b2623313630343b202623313737373b2623313738353b2623313738353b2623313738353b202623313630313b2623313539333b2623313537353b2623313630343b2623313734303b2623313537383b202623313538333b2623313538353b202623313538333b2623313630363b2623313734303b2623313537353b2623313734303b202623313630353b2623313630383b2623313538373b2623313734303b2623313630323b2623313734303b202623313538353b2623313537353b202623313538383b2623313538353b2623313630383b2623313539333b202623313730353b2623313538353b2623313538333b202623313630383b202623313630363b2623313538323b2623313538373b2623313537383b2623313734303b2623313630363b202623313537303b2623313630343b2623313537363b2623313630383b2623313630353b202623313538323b2623313630383b2623313538333b202623313537363b2623313537353b202623313630363b2623313537353b2623313630353b26233136303b3c693e2623313537303b2623313630363b202623313538333b202623313538373b2623313734303b2623313730353b2623313538373b3c2f693e26233136303b2623313538353b2623313537353b202623313538353b2623313630383b2623313537353b2623313630363b2623313630373b202623313537363b2623313537353b2623313538363b2623313537353b2623313538353b202623313730353b2623313538353b2623313538333b2e3c2f703e, '20250403125038', 1, 'male', 170, 70, 'مشکی', 'مشکی', 'مجرد', 'A', 100, 100, 60, 60, 10, 100, 'بدون تتو', 'اصلا', 'اصلا', 'معتدل باشد', 'موافق باشد', 'جذاب و دلنشین', 'RENAULT CPTCHER', 'آپارتمان', 'ژیمناستیک', 'کلاسیک', '82', 50, 0),
(59, 1, 1, 'جنی', 0xd986db8cd981d8b120d984db8cd98620d984d988d9bed8b22028d8a7d986daafd984db8cd8b3db8c3a204a656e6e69666572204c796e6e204c6f70657ad89b20d8b2d8a7d8afd987d99420dbb2dbb420da98d988d8a6db8cd98720dbb1dbb9dbb6dbb92920daa9d98720d8a8d8a720d984d982d8a820d8acd990db8c2ed984d98820284a2e6c6f2920d986db8cd8b220d8b4d986d8a7d8aed8aad98720d985db8ce2808cd8b4d988d8afd88c20d8aed988d8a7d986d986d8afd987d88c20d8a8d8a7d8b2db8cdaafd8b120d98820d8b1d982d8b5d986d8afd98720d8a2d985d8b1db8cdaa9d8a7db8cdb8c20d8a7d8b3d8aa2e20d8a7d98820d8a8d8a7d8b2db8cdaafd8b1db8c20d8b1d8a720d8a8d987e2808cd8b7d988d8b120d8add8b1d981d987e2808cd8a7db8c20d8a7d8b220d8b3d8a7d98420dbb1dbb9dbb8dbb620d8b4d8b1d988d8b920daa9d8b1d8af20d98820d8afd8b120d8b3d8a7d98420dbb1dbb9dbb9dbb720d8a7d988d984db8cd98620d986d982d8b420d8a7d8b5d984db8c20d8aed988d8af20d8b1d8a720d8a8d8a720d8a7db8cd981d8a7db8c20d986d982d8b420d8afd8b120d981db8cd984d98520d8b3d984d986d8a720d8aad8acd8b1d8a8d98720daa9d8b1d8af20daa9d98720d986d8a7d985d8b2d8af20d8acd8a7db8cd8b2d98720daafd984d8afd98620daafd984d988d8a820d8b4d8af2e20d8a7d98820d8b3d9bed8b320d8a8d8a720d8a8d8a7d8b2db8c20d8afd8b120d8aed8a7d8b1d8ac20d8a7d8b220d8afdb8cd8af20d98820d982d8b7d8a7d8b120d9bed988d98420d8aed988d8af20d8b1d8a720d8a8d987e2808cd8b9d986d988d8a7d98620d9bed8b1d8afd8b1d8a2d985d8afd8aad8b1db8cd98620d8a8d8a7d8b2db8cdaafd8b120d8a7d8b3d9bed8a7d986db8cd8a7db8cdb8ce2808cd8aad8a8d8a7d8b120d8afd8b120d987d8a7d984db8cd988d988d8af20d985d8b7d8b1d8ad20daa9d8b1d8af20d98820d8afd8b120d8b3d8a7d98420dbb1dbb9dbb9dbb920d981d8b9d8a7d984db8cd8aa20d8afd8b120d8b9d8b1d8b5d98720d985d988d8b3db8cd982db8c20d8b1d8a720d987d98520d8a8d8a720d8a7d986d8aad8b4d8a7d8b120d8a7d988d984db8cd98620d8a2d984d8a8d988d985d8b420d8a8d98720d986d8a7d98520d8a2d98620d8af20d8b3db8cdaa9d8b320d8b4d8b1d988d8b920daa9d8b1d8af2e5bdbb35d0a0ad986d8aed8b3d8aadb8cd98620d986d982d8b420d8a7d8b3d8a7d8b3db8c20d988db8c20d8afd8b120d981db8cd984d98520d8b1d986daafe2808cd987d8a7db8c20d8b2d986d8afd9872028dbb1dbb9dbb9dbb12920d8b1d982d98520d8aed988d8b1d8af20d98820da86d986d8afdb8c20d8a8d8b9d8af20d986db8cd8b220d986d8aed8b3d8aadb8cd98620d981db8cd984d98520d8b3db8cd986d985d8a7db8cdb8c20daa9d98720d8afd8b120d8a2d98620d986d982d8b420d8a7d988d98420d8b1d8a720d8afd8a7d8b4d8aad88c20d8a8d8a720d986d8a7d98520d8b3d984d986d8a720d8a8d98720d8a7d8acd8b1d8a720d8afd8b1d8a2d985d8af2e20d8a7db8cd98620d981db8cd984d98520d8afd8b120d8aed8b5d988d8b520d987d986d8b1d985d986d8afdb8c20d8a2d985d8b1db8cdaa9d8a7db8cdb8c20d8a8d98720d986d8a7d98520d8b3d984d986d8a720d8b3d8a7d8aed8aad98720d8b4d8afd98720d8a8d988d8af2e20d981db8cd984d98520d8a8d8b9d8afdb8ce2808cd8a7d8b420daa9d98720d8a8d8b120d8b4d987d8b1d8aa20d988db8c20d8a7d981d8b2d988d8afd88c20d8aed8a7d8b1d8ac20d8a7d8b220d8afdb8cd8af20d8a8d988d8af20daa9d98720d8a8d8a7d8a8d8aa20d8a8d8a7d8b2db8c20d8afd8b120d8a2d98620d8afd8b3d8aad985d8b2d8afdb8c20d985d8b9d8a7d8afd98420db8cdaa920d985db8cd984db8cd988d98620d8afd984d8a7d8b120d8afd8b1db8cd8a7d981d8aa20daa9d8b1d8af2e20d984d988d9bed8b220d8a8d8a720d8a7db8cd98620d8afd8b1d8a2d985d8af20db8cdaa920d985db8cd984db8cd988d98620d8afd984d8a7d8b1db8c20d8aad8a8d8afdb8cd98420d8a8d98720d986d8aed8b3d8aadb8cd98620d8a8d8a7d8b2db8cdaafd8b120d8b2d98620d984d8a7d8aadb8cd986e2808cd8aad8a8d8a7d8b120d8aad8a7d8b1db8cd8ae20d8b3db8cd986d985d8a720d8b4d8af20daa9d98720d8aad8a720d8a2d98620d8b3d8a7d98420da86d986db8cd98620d8afd8b3d8aad985d8b2d8af20d8a8d8a7d984d8a7db8cdb8c20d8b1d8a720d8a8d8b1d8a7db8c20d8a8d8a7d8b2db8cdaafd8b1db8c20d8afd8b1db8cd8a7d981d8aa20daa9d8b1d8afd98720d8a8d988d8af2e20d988db8c20d8afd8b120d8b3d8a7d98420dbb1dbb9dbb9dbb920d981d8b9d8a7d984db8cd8aa20d8afd8b120d8afd986db8cd8a7db8c20d985d988d8b3db8cd982db8c20d8b1d8a720d8b4d8b1d988d8b920daa9d8b1d8af20d98820d986d8aed8b3d8aadb8cd98620d8a2d984d8a8d988d98520d8aed988d8af20d8a8d8a720d986d8a7d98520d8a2d98620d8af20d8b3db8cdaa9d8b320d8b1d8a720d8b1d988d8a7d986d98720d8a8d8a7d8b2d8a7d8b120daa9d8b1d8af2e, '20250403125446', 1, 'female', 170, 70, 'مشکی', 'مشکی', 'مجرد', 'A', 100, 100, 60, 60, 10, 100, 'بدون تتو', 'اصلا', 'اصلا', 'معتدل باشد', 'موافق باشد', 'جذاب و دلنشین', 'RENAULT CPTCHER', 'آپارتمان', 'ژیمناستیک', 'کلاسیک', '82', 50, 0),
(60, 1, 1, 'ساشا', '', '20250410094339', 1, 'female', 170, 70, 'مشکی', 'مشکی', 'مجرد', 'A', 100, 100, 60, 60, 10, 100, 'بدون تتو', 'اصلا', 'اصلا', 'معتدل باشد', 'موافق باشد', '', '', 'آپارتمان', 'شنا و ژیمناستیک', 'کلاسیک', '82', 50, 8.8);

-- --------------------------------------------------------

--
-- Table structure for table `exp_category`
--

CREATE TABLE `exp_category` (
  `id` int(11) NOT NULL,
  `expid` int(11) NOT NULL,
  `catid` int(11) NOT NULL
) ENGINE=InnoDB DEFAULT CHARSET=latin1;

--
-- Dumping data for table `exp_category`
--

INSERT INTO `exp_category` (`id`, `expid`, `catid`) VALUES
(11, 6, 1),
(12, 6, 2),
(13, 7, 5),
(14, 8, 6),
(15, 8, 7),
(16, 9, 6),
(17, 9, 7),
(22, 12, 5),
(24, 14, 5),
(25, 15, 9),
(26, 15, 10),
(27, 16, 11),
(28, 17, 2),
(29, 17, 7),
(30, 17, 11),
(31, 17, 10),
(32, 18, 12),
(33, 19, 12),
(34, 20, 12),
(35, 21, 12),
(36, 22, 12),
(37, 23, 12),
(38, 24, 12),
(39, 25, 12),
(40, 26, 12),
(41, 27, 12),
(42, 28, 12),
(43, 29, 12),
(44, 30, 12),
(45, 31, 12),
(46, 32, 12),
(47, 33, 12),
(48, 34, 12),
(49, 35, 12),
(50, 36, 12),
(51, 37, 12),
(52, 38, 12),
(53, 39, 12),
(54, 40, 12),
(55, 41, 12),
(56, 42, 12),
(57, 43, 12),
(58, 44, 12),
(59, 45, 12),
(60, 46, 12),
(61, 47, 12),
(62, 48, 13),
(63, 49, 13),
(64, 50, 13),
(65, 51, 13),
(66, 52, 13),
(67, 53, 11),
(68, 53, 7),
(69, 54, 13),
(70, 55, 12),
(72, 57, 13),
(73, 58, 13),
(74, 59, 14),
(75, 60, 2),
(76, 60, 7),
(77, 60, 11),
(78, 60, 6),
(79, 60, 10);

-- --------------------------------------------------------

--
-- Table structure for table `favourite`
--

CREATE TABLE `favourite` (
  `id` int(11) NOT NULL,
  `userid` int(11) DEFAULT NULL,
  `groupid` int(11) DEFAULT NULL,
  `typeofpost` text NOT NULL,
  `height` int(11) NOT NULL,
  `weight` int(11) NOT NULL,
  `hair` text NOT NULL,
  `eye` text NOT NULL,
  `glass` text NOT NULL,
  `waist` int(11) NOT NULL,
  `hips` int(11) NOT NULL,
  `arm` int(11) NOT NULL,
  `armpit` int(11) NOT NULL,
  `thigh` int(11) NOT NULL,
  `tatto` text NOT NULL,
  `smoke` text NOT NULL,
  `drink` text NOT NULL,
  `region` text NOT NULL,
  `openrelation` text NOT NULL,
  `mainattr` text NOT NULL,
  `income` int(11) NOT NULL,
  `car` text NOT NULL,
  `house` text NOT NULL,
  `sport` text NOT NULL,
  `age` int(11) NOT NULL
) ENGINE=InnoDB DEFAULT CHARSET=utf8;

--
-- Dumping data for table `favourite`
--

INSERT INTO `favourite` (`id`, `userid`, `groupid`, `typeofpost`, `height`, `weight`, `hair`, `eye`, `glass`, `waist`, `hips`, `arm`, `armpit`, `thigh`, `tatto`, `smoke`, `drink`, `region`, `openrelation`, `mainattr`, `income`, `car`, `house`, `sport`, `age`) VALUES
(1, 1, 1, 'female', 170, 70, 'مشکی', 'مشکی', 'مجرد', 100, 100, 60, 60, 100, 'بدون تتو', 'اصلا', 'اصلا', 'معتدل باشد', 'موافق باشد', 'جذاب و دلنشین', 10, 'BMW 560', 'آپارتمان', 'شنا', 50);

-- --------------------------------------------------------

--
-- Table structure for table `follows`
--

CREATE TABLE `follows` (
  `id` int(11) NOT NULL,
  `followerid` int(11) NOT NULL,
  `userid` int(11) NOT NULL,
  `date` text NOT NULL
) ENGINE=InnoDB DEFAULT CHARSET=latin1;

-- --------------------------------------------------------

--
-- Table structure for table `groups`
--

CREATE TABLE `groups` (
  `id` int(11) NOT NULL,
  `title` mediumtext,
  `active` int(11) DEFAULT NULL
) ENGINE=InnoDB DEFAULT CHARSET=utf8;

--
-- Dumping data for table `groups`
--

INSERT INTO `groups` (`id`, `title`, `active`) VALUES
(1, 'sta', 1),
(2, 'lz', 1),
(3, 'g', NULL);

-- --------------------------------------------------------

--
-- Table structure for table `likes`
--

CREATE TABLE `likes` (
  `useremail` text,
  `expid` int(11) NOT NULL
) ENGINE=InnoDB DEFAULT CHARSET=latin1;

--
-- Dumping data for table `likes`
--

INSERT INTO `likes` (`useremail`, `expid`) VALUES
('esnkrimi@gmail.com', 6),
('esnkrimi@gmail.com', 9),
('esnkrimi@gmail.com', 12),
('esnkrimi@gmail.com', 14),
('esnkrimi@gmail.com', 15),
('9188108019', 15),
('9188108019', 17),
('9188108019', 28),
('9188108019', 27),
('9188108019', 26),
('esnkrimi@gmail.com', 26),
('9188108019', 46),
('9188108019', 52),
('9188108019', 19),
('9188108019', 50),
('9188108019', 12),
('9188108019', 29),
('9188108019', 16),
('9188108019', 57),
('9188108019', 5),
('9188108019', 60);

-- --------------------------------------------------------

--
-- Table structure for table `messages`
--

CREATE TABLE `messages` (
  `id` int(11) NOT NULL,
  `sender` mediumtext NOT NULL,
  `email` mediumtext NOT NULL,
  `message` mediumtext NOT NULL,
  `date` text NOT NULL,
  `seen` text NOT NULL
) ENGINE=InnoDB DEFAULT CHARSET=utf8;

--
-- Dumping data for table `messages`
--

INSERT INTO `messages` (`id`, `sender`, `email`, `message`, `date`, `seen`) VALUES
(1, '9188108019', 'mahya@gmail.com', 'hi', '20250322113838', 'yes'),
(2, 'mahya@gmail.com', '9188108019', 'e1', '20250322113854', 'yes'),
(3, '9188108019', 'esnkrimi@gmail.com', 'ggg', '20250322114154', 'no'),
(8, '9188108019', 'mahya@gmail.com', 'YES', '20250324155313', 'yes'),
(9, '9188108019', 'mahya@gmail.com', 'rew', '20250327142246', 'no'),
(10, '9188108019', 'mahya@gmail.com', 'rew', '20250327142247', 'yes'),
(11, '9188108019', 'mahya@gmail.com', 'rew', '20250327142247', 'yes'),
(12, '9188108019', 'mahya@gmail.com', 'rew', '20250327142247', 'no'),
(13, '9188108019', 'mahya@gmail.com', 'rew', '20250327142247', 'no'),
(14, '9188108019', 'mahya@gmail.com', 'rew', '20250327142247', 'no'),
(15, '9188108019', 'mahya@gmail.com', 'rew', '20250327142248', 'no'),
(16, '9188108019', 'mahya@gmail.com', 'rew', '20250327142248', 'no'),
(17, '9188108019', 'mahya@gmail.com', 'rew', '20250327142248', 'no'),
(18, '9188108019', 'mahya@gmail.com', 'rew', '20250327142248', 'no'),
(19, '9188108019', 'mahya@gmail.com', 'rew', '20250327142248', 'no'),
(20, '9188108019', 'mahya@gmail.com', 'rew', '20250327142248', 'no'),
(21, '9188108019', 'mahya@gmail.com', 'rew', '20250327142249', 'no'),
(22, '9188108019', 'mahya@gmail.com', 'rew', '20250327142249', 'no'),
(25, 'erfan', '9188108019', 'dsa', '20250329111717', 'no'),
(29, 'erick', '9188108019', '', '20250329112413', 'no'),
(30, '9188108019', 'mahya@gmail.com', 'hi', '20250330113837', 'no'),
(31, '9188108019', '9188108019', 'ds', '20250330140202', 'yes'),
(32, '9188108019', '9188108019', 'n', '20250330142209', 'yes'),
(33, '9188108019', '9188108019', 'dssdsdsdsdsd22', '20250330150157', 'yes'),
(34, '9188108019', 'mahya@gmail.com', 'saloom', '20250330150244', 'no'),
(35, '9188108019', 'mahya@gmail.com', 'CLUB', '20250331122022', 'no'),
(36, '9188108019', '9188108019', 'dffddfdffd', '20250331172551', 'yes'),
(37, '9188108019', '9188108019', 'w', '20250331172817', 'yes'),
(38, '9188108019', 'mahya@gmail.com', 'ed', '20250331172828', 'no'),
(39, '9188108019', '9188108019', 'سلاوم', '20250401114818', 'yes'),
(40, '9188108019', '9188108019', 'ehsan', '20250403004908', 'yes'),
(41, '9188108019', '9188108019', 'ds', '20250403124512', 'yes'),
(42, '9188108019', '9188108019', 'hiiuh', '20250413114144', 'yes'),
(43, '9188108019', '9188108019', 'fffffff1ffffff2', '20250413114216', 'yes'),
(44, '9188108019', '9188108019', 'xxxx', '20250413114232', 'yes');

-- --------------------------------------------------------

--
-- Table structure for table `province`
--

CREATE TABLE `province` (
  `province_id` int(11) NOT NULL,
  `province` text NOT NULL
) ENGINE=InnoDB DEFAULT CHARSET=utf8;

--
-- Dumping data for table `province`
--

INSERT INTO `province` (`province_id`, `province`) VALUES
(1, 'تهران'),
(2, 'آذربایجان غربی'),
(3, 'اردبیل'),
(4, 'اصفهان'),
(5, 'ایلام'),
(6, 'بوشهر'),
(7, 'آذربایجان شرقی'),
(8, 'چهارمحال و بختیاری'),
(9, 'خراسان جنوبی'),
(10, 'خراسان رضوی'),
(11, 'خراسان شمالی'),
(12, 'خوزستان'),
(13, 'زنجان'),
(14, 'سمنان'),
(15, 'سیستان و بلوچستان'),
(16, 'شيراز'),
(17, 'قزوین'),
(18, 'قم'),
(19, 'کردستان'),
(20, 'کرمان'),
(21, 'کرمانشاه'),
(22, 'کهگیلویه و بویراحمد'),
(23, 'گلستان'),
(24, 'گیلان'),
(25, 'لرستان'),
(26, 'مازندران'),
(27, 'مرکزی'),
(28, 'هرمزگان'),
(29, 'همدان'),
(30, 'یزد');

-- --------------------------------------------------------

--
-- Table structure for table `saves`
--

CREATE TABLE `saves` (
  `useremail` text NOT NULL,
  `expid` int(11) NOT NULL
) ENGINE=InnoDB DEFAULT CHARSET=latin1;

--
-- Dumping data for table `saves`
--

INSERT INTO `saves` (`useremail`, `expid`) VALUES
('esnkrimi@gmail.com', 6),
('esnkrimi@gmail.com', 9),
('esnkrimi@gmail.com', 10),
('esnkrimi@gmail.com', 12),
('esnkrimi@gmail.com', 13),
('esnkrimi@gmail.com', 14),
('esnkrimi@gmail.com', 14),
('9188108019', 6),
('9188108019', 15),
('esnkrimi@gmail.com', 26),
('9188108019', 49),
('9188108019', 46),
('9188108019', 9),
('9188108019', 19),
('9188108019', 52),
('9188108019', 50),
('9188108019', 12),
('9188108019', 29),
('9188108019', 56),
('9188108019', 58),
('9188108019', 57),
('9188108019', 59),
('9188108019', 60);

-- --------------------------------------------------------

--
-- Table structure for table `user`
--

CREATE TABLE `user` (
  `id` int(11) NOT NULL,
  `cityid` int(11) DEFAULT NULL,
  `name` mediumtext,
  `family` mediumtext,
  `email` mediumtext,
  `phone` mediumtext,
  `melli` mediumtext,
  `birthdate` text,
  `job` text NOT NULL,
  `telegram` text NOT NULL,
  `instagram` text NOT NULL,
  `whatsapp` text NOT NULL,
  `email2` text NOT NULL
) ENGINE=InnoDB DEFAULT CHARSET=utf8;

--
-- Dumping data for table `user`
--

INSERT INTO `user` (`id`, `cityid`, `name`, `family`, `email`, `phone`, `melli`, `birthdate`, `job`, `telegram`, `instagram`, `whatsapp`, `email2`) VALUES
(1, 1, 'احسان', 'karimi', '9188108019', '9188108019', '', '', 'طراح سایت', 'esnkrimi@tel', 'xxx@in', 'esnkrimi@w', 'esnkrimi@gmail.com'),
(2, 1, 'mahya', 'arefi', 'mahya@gmail.com', '9188108099', NULL, NULL, '', 'esnk', '', '', ''),
(3, NULL, 'esn', 'krm', 'esnkrimi@gmail.com', 'esnkrimi@gmail.com', NULL, NULL, '', 'esnkri', '', '', '');

-- --------------------------------------------------------

--
-- Table structure for table `user_category`
--

CREATE TABLE `user_category` (
  `id` int(11) NOT NULL,
  `userid` int(11) NOT NULL,
  `catid` int(11) NOT NULL
) ENGINE=InnoDB DEFAULT CHARSET=latin1;

--
-- Dumping data for table `user_category`
--

INSERT INTO `user_category` (`id`, `userid`, `catid`) VALUES
(4, 1, 3),
(6, 1, 10),
(7, 1, 11),
(14, 1, 44),
(15, 1, 52),
(16, 1, 26),
(17, 1, 7);

--
-- Indexes for dumped tables
--

--
-- Indexes for table `category`
--
ALTER TABLE `category`
  ADD PRIMARY KEY (`id`);

--
-- Indexes for table `comment`
--
ALTER TABLE `comment`
  ADD PRIMARY KEY (`id`);

--
-- Indexes for table `exp`
--
ALTER TABLE `exp`
  ADD PRIMARY KEY (`id`);

--
-- Indexes for table `exp_category`
--
ALTER TABLE `exp_category`
  ADD PRIMARY KEY (`id`);

--
-- Indexes for table `favourite`
--
ALTER TABLE `favourite`
  ADD PRIMARY KEY (`id`);

--
-- Indexes for table `groups`
--
ALTER TABLE `groups`
  ADD PRIMARY KEY (`id`);

--
-- Indexes for table `messages`
--
ALTER TABLE `messages`
  ADD PRIMARY KEY (`id`);

--
-- Indexes for table `user`
--
ALTER TABLE `user`
  ADD PRIMARY KEY (`id`);

--
-- Indexes for table `user_category`
--
ALTER TABLE `user_category`
  ADD PRIMARY KEY (`id`);
COMMIT;

/*!40101 SET CHARACTER_SET_CLIENT=@OLD_CHARACTER_SET_CLIENT */;
/*!40101 SET CHARACTER_SET_RESULTS=@OLD_CHARACTER_SET_RESULTS */;
/*!40101 SET COLLATION_CONNECTION=@OLD_COLLATION_CONNECTION */;
